id_detalle,id_prenda,id_venta,cantidad,precio_unitario,subtotal
1,25,1,5,"$22.300,00","$111.500,00"
2,5,2,1,"$39.900,00","$39.900,00"
3,25,3,3,"$22.300,00","$66.900,00"
4,15,4,5,"$46.300,00","$231.500,00"
5,2,5,5,"$21.500,00","$107.500,00"
6,3,6,3,"$58.900,00","$176.700,00"
7,31,7,6,"$18.600,00","$111.600,00"
8,19,8,3,"$67.200,00","$201.600,00"
9,29,9,6,"$19.900,00","$119.400,00"
10,28,10,1,"$7.900,00","$7.900,00"
11,32,11,4,"$49.800,00","$199.200,00"
12,30,12,1,"$14.400,00","$14.400,00"
13,20,13,4,"$24.900,00","$99.600,00"
14,15,14,3,"$46.300,00","$138.900,00"
15,47,15,1,"$88.100,00","$88.100,00"
16,23,16,2,"$35.400,00","$70.800,00"
17,22,17,6,"$12.900,00","$77.400,00"
18,37,18,6,"$17.400,00","$104.400,00"
19,4,19,1,"$25.700,00","$25.700,00"
20,34,20,1,"$8.990,00","$8.990,00"
21,30,21,1,"$14.400,00","$14.400,00"
22,2,22,1,"$21.500,00","$21.500,00"
23,36,23,5,"$18.000,00","$90.000,00"
24,33,24,1,"$27.400,00","$27.400,00"
25,17,25,6,"$26.900,00","$161.400,00"
26,20,26,3,"$24.900,00","$74.700,00"
27,16,27,1,"$11.500,00","$11.500,00"
28,31,28,4,"$18.600,00","$74.400,00"
29,29,29,4,"$19.900,00","$79.600,00"
30,36,30,4,"$18.000,00","$72.000,00"
31,35,31,5,"$25.800,00","$129.000,00"
32,17,32,1,"$26.900,00","$26.900,00"
33,23,33,3,"$35.400,00","$106.200,00"
34,10,34,1,"$10.500,00","$10.500,00"
35,4,35,3,"$25.700,00","$77.100,00"
36,19,36,6,"$67.200,00","$403.200,00"
37,37,37,5,"$17.400,00","$87.000,00"
38,34,38,6,"$8.990,00","$53.940,00"
39,21,39,5,"$27.600,00","$138.000,00"
40,12,40,6,"$32.800,00","$196.800,00"
41,25,41,1,"$22.300,00","$22.300,00"
42,5,42,4,"$39.900,00","$159.600,00"
43,45,43,6,"$56.200,00","$337.200,00"
44,30,44,5,"$14.400,00","$72.000,00"
45,15,45,1,"$46.300,00","$46.300,00"
46,32,46,1,"$49.800,00","$49.800,00"
47,11,47,1,"$22.700,00","$22.700,00"
48,47,48,1,"$88.100,00","$88.100,00"
49,13,49,4,"$9.200,00","$36.800,00"
50,2,50,5,"$21.500,00","$107.500,00"
51,39,51,6,"$15.500,00","$93.000,00"
52,14,52,1,"$8.700,00","$8.700,00"
53,16,53,3,"$11.500,00","$34.500,00"
54,1,54,2,"$8.990,00","$17.980,00"
55,24,55,6,"$29.500,00","$177.000,00"
56,33,56,6,"$27.400,00","$164.400,00"
57,8,57,1,"$16.400,00","$16.400,00"
58,22,58,5,"$12.900,00","$64.500,00"
59,26,59,2,"$41.700,00","$83.400,00"
60,42,60,4,"$11.900,00","$47.600,00"
61,3,61,5,"$58.900,00","$294.500,00"
62,28,62,5,"$7.900,00","$39.500,00"
63,43,63,1,"$75.800,00","$75.800,00"
64,18,64,2,"$23.500,00","$47.000,00"
65,19,65,4,"$67.200,00","$268.800,00"
66,17,66,4,"$26.900,00","$107.600,00"
67,25,67,2,"$22.300,00","$44.600,00"
68,10,68,3,"$10.500,00","$31.500,00"
69,20,69,3,"$24.900,00","$74.700,00"
70,36,70,6,"$18.000,00","$108.000,00"
71,2,71,2,"$21.500,00","$43.000,00"
72,27,72,1,"$16.800,00","$16.800,00"
73,38,73,4,"$72.500,00","$290.000,00"
74,35,74,3,"$25.800,00","$77.400,00"
75,40,75,4,"$28.300,00","$113.200,00"
76,37,76,6,"$17.400,00","$104.400,00"
77,34,77,6,"$8.990,00","$53.940,00"
78,29,78,1,"$19.900,00","$19.900,00"
79,23,79,5,"$35.400,00","$177.000,00"
80,41,80,2,"$42.700,00","$85.400,00"
81,13,81,1,"$9.200,00","$9.200,00"
82,4,82,4,"$25.700,00","$102.800,00"
83,31,83,2,"$18.600,00","$37.200,00"
84,21,84,4,"$27.600,00","$110.400,00"
85,30,85,1,"$14.400,00","$14.400,00"
86,15,86,5,"$46.300,00","$231.500,00"
87,24,87,3,"$29.500,00","$88.500,00"
88,33,88,1,"$27.400,00","$27.400,00"
89,5,89,5,"$39.900,00","$199.500,00"
90,16,90,6,"$11.500,00","$69.000,00"
91,11,91,1,"$22.700,00","$22.700,00"
92,45,92,1,"$56.200,00","$56.200,00"
93,47,93,5,"$88.100,00","$440.500,00"
94,26,94,4,"$41.700,00","$166.800,00"
95,12,95,5,"$32.800,00","$164.000,00"
96,14,96,3,"$8.700,00","$26.100,00"
97,3,97,6,"$58.900,00","$353.400,00"
98,22,98,6,"$12.900,00","$77.400,00"
99,8,99,4,"$16.400,00","$65.600,00"
100,39,100,5,"$15.500,00","$77.500,00"
101,31,101,6,"$18.600,00","$111.600,00"
102,30,102,4,"$14.400,00","$57.600,00"
103,18,103,5,"$23.500,00","$117.500,00"
104,37,104,4,"$17.400,00","$69.600,00"
105,12,105,5,"$32.800,00","$164.000,00"
106,20,106,3,"$24.900,00","$74.700,00"
107,4,107,6,"$25.700,00","$154.200,00"
108,14,108,5,"$8.700,00","$43.500,00"
109,23,109,4,"$35.400,00","$141.600,00"
110,2,110,1,"$21.500,00","$21.500,00"
111,4,111,2,"$25.700,00","$51.400,00"
112,15,112,6,"$46.300,00","$277.800,00"
113,25,113,5,"$22.300,00","$111.500,00"
114,39,114,4,"$15.500,00","$62.000,00"
115,32,115,5,"$49.800,00","$249.000,00"
116,40,116,1,"$28.300,00","$28.300,00"
117,1,117,1,"$8.990,00","$8.990,00"
118,29,118,3,"$19.900,00","$59.700,00"
119,5,119,4,"$39.900,00","$159.600,00"
120,10,120,2,"$10.500,00","$21.000,00"
121,38,121,1,"$72.500,00","$72.500,00"
122,22,122,1,"$12.900,00","$12.900,00"
123,37,123,5,"$17.400,00","$87.000,00"
124,30,124,2,"$14.400,00","$28.800,00"
125,18,125,1,"$23.500,00","$23.500,00"
126,45,126,6,"$56.200,00","$337.200,00"
127,17,127,3,"$26.900,00","$80.700,00"
128,4,128,4,"$25.700,00","$102.800,00"
129,19,129,5,"$67.200,00","$336.000,00"
130,34,130,1,"$8.990,00","$8.990,00"
131,36,131,6,"$18.000,00","$108.000,00"
132,22,132,2,"$12.900,00","$25.800,00"
133,31,133,3,"$18.600,00","$55.800,00"
134,26,134,5,"$41.700,00","$208.500,00"
135,15,135,4,"$46.300,00","$185.200,00"
136,14,136,3,"$8.700,00","$26.100,00"
137,38,137,2,"$72.500,00","$145.000,00"
138,23,138,6,"$35.400,00","$212.400,00"
139,35,139,1,"$25.800,00","$25.800,00"
140,20,140,5,"$24.900,00","$124.500,00"
141,1,141,1,"$8.990,00","$8.990,00"
142,32,142,4,"$49.800,00","$199.200,00"
143,25,143,6,"$22.300,00","$133.800,00"
144,3,144,1,"$58.900,00","$58.900,00"
145,4,145,1,"$25.700,00","$25.700,00"
146,36,146,4,"$18.000,00","$72.000,00"
147,47,147,3,"$88.100,00","$264.300,00"
148,29,148,6,"$19.900,00","$119.400,00"
149,2,149,2,"$21.500,00","$43.000,00"
150,17,150,5,"$26.900,00","$134.500,00"
151,19,151,3,"$67.200,00","$201.600,00"
152,28,152,6,"$7.900,00","$47.400,00"
153,39,153,5,"$15.500,00","$77.500,00"
154,10,154,1,"$10.500,00","$10.500,00"
155,12,155,2,"$32.800,00","$65.600,00"
156,18,156,6,"$23.500,00","$141.000,00"
157,24,157,1,"$29.500,00","$29.500,00"
158,34,158,1,"$8.990,00","$8.990,00"
159,45,159,5,"$56.200,00","$281.000,00"
160,22,160,3,"$12.900,00","$38.700,00"
161,30,161,3,"$14.400,00","$43.200,00"
162,31,162,4,"$18.600,00","$74.400,00"
163,17,163,2,"$26.900,00","$53.800,00"
164,11,164,2,"$22.700,00","$45.400,00"
165,37,165,1,"$17.400,00","$17.400,00"
166,47,166,5,"$88.100,00","$440.500,00"
167,25,167,3,"$22.300,00","$66.900,00"
168,29,168,1,"$19.900,00","$19.900,00"
169,3,169,2,"$58.900,00","$117.800,00"
170,36,170,4,"$18.000,00","$72.000,00"
171,26,171,6,"$41.700,00","$250.200,00"
172,2,172,6,"$21.500,00","$129.000,00"
173,33,173,1,"$27.400,00","$27.400,00"
174,16,174,5,"$11.500,00","$57.500,00"
175,13,175,4,"$9.200,00","$36.800,00"
176,15,176,2,"$46.300,00","$92.600,00"
177,20,177,2,"$24.900,00","$49.800,00"
178,34,178,1,"$8.990,00","$8.990,00"
179,40,179,4,"$28.300,00","$113.200,00"
180,1,180,5,"$8.990,00","$44.950,00"
181,39,181,1,"$15.500,00","$15.500,00"
182,32,182,4,"$49.800,00","$199.200,00"
183,19,183,1,"$67.200,00","$67.200,00"
184,4,184,4,"$25.700,00","$102.800,00"
185,10,185,1,"$10.500,00","$10.500,00"
186,45,186,2,"$56.200,00","$112.400,00"
187,23,187,6,"$35.400,00","$212.400,00"
188,38,188,1,"$72.500,00","$72.500,00"
189,18,189,6,"$23.500,00","$141.000,00"
190,24,190,1,"$29.500,00","$29.500,00"
191,41,191,6,"$42.700,00","$256.200,00"
192,31,192,5,"$18.600,00","$93.000,00"
193,22,193,2,"$12.900,00","$25.800,00"
194,5,194,6,"$39.900,00","$239.400,00"
195,30,195,1,"$14.400,00","$14.400,00"
196,27,196,5,"$16.800,00","$84.000,00"
197,14,197,5,"$8.700,00","$43.500,00"
198,35,198,3,"$25.800,00","$77.400,00"
199,28,199,4,"$7.900,00","$31.600,00"
200,17,200,4,"$26.900,00","$107.600,00"
201,21,201,3,"$27.600,00","$82.800,00"
202,23,202,6,"$35.400,00","$212.400,00"
203,16,203,5,"$11.500,00","$57.500,00"
204,36,204,5,"$18.000,00","$90.000,00"
205,12,205,1,"$32.800,00","$32.800,00"
206,15,206,1,"$46.300,00","$46.300,00"
207,25,207,3,"$22.300,00","$66.900,00"
208,39,208,4,"$15.500,00","$62.000,00"
209,33,209,6,"$27.400,00","$164.400,00"
210,8,210,5,"$16.400,00","$82.000,00"
211,43,211,1,"$75.800,00","$75.800,00"
212,13,212,6,"$9.200,00","$55.200,00"
213,3,213,3,"$58.900,00","$176.700,00"
214,45,214,1,"$56.200,00","$56.200,00"
215,1,215,2,"$8.990,00","$17.980,00"
216,42,216,5,"$11.900,00","$59.500,00"
217,26,217,1,"$41.700,00","$41.700,00"
218,29,218,5,"$19.900,00","$99.500,00"
219,34,219,3,"$8.990,00","$26.970,00"
220,5,220,1,"$39.900,00","$39.900,00"
221,28,221,5,"$7.900,00","$39.500,00"
222,37,222,3,"$17.400,00","$52.200,00"
223,20,223,1,"$24.900,00","$24.900,00"
224,2,224,5,"$21.500,00","$107.500,00"
225,16,225,2,"$11.500,00","$23.000,00"
226,18,226,4,"$23.500,00","$94.000,00"
227,24,227,5,"$29.500,00","$147.500,00"
228,19,228,5,"$67.200,00","$336.000,00"
229,35,229,1,"$25.800,00","$25.800,00"
230,10,230,4,"$10.500,00","$42.000,00"
231,31,231,1,"$18.600,00","$18.600,00"
232,4,232,6,"$25.700,00","$154.200,00"
233,21,233,1,"$27.600,00","$27.600,00"
234,15,234,5,"$46.300,00","$231.500,00"
235,17,235,6,"$26.900,00","$161.400,00"
236,12,236,6,"$32.800,00","$196.800,00"
237,36,237,2,"$18.000,00","$36.000,00"
238,25,238,5,"$22.300,00","$111.500,00"
239,30,239,4,"$14.400,00","$57.600,00"
240,47,240,2,"$88.100,00","$176.200,00"
241,39,241,5,"$15.500,00","$77.500,00"
242,45,242,4,"$56.200,00","$224.800,00"
243,33,243,3,"$27.400,00","$82.200,00"
244,23,244,1,"$35.400,00","$35.400,00"
245,22,245,4,"$12.900,00","$51.600,00"
246,1,246,6,"$8.990,00","$53.940,00"
247,3,247,1,"$58.900,00","$58.900,00"
248,8,248,6,"$16.400,00","$98.400,00"
249,42,249,1,"$11.900,00","$11.900,00"
250,29,250,4,"$19.900,00","$79.600,00"
251,14,251,1,"$8.700,00","$8.700,00"
252,32,252,6,"$49.800,00","$298.800,00"
253,38,253,3,"$72.500,00","$217.500,00"
254,26,254,1,"$41.700,00","$41.700,00"
255,5,255,1,"$39.900,00","$39.900,00"
256,40,256,2,"$28.300,00","$56.600,00"
257,34,257,5,"$8.990,00","$44.950,00"
258,24,258,5,"$29.500,00","$147.500,00"
259,16,259,4,"$11.500,00","$46.000,00"
260,13,260,1,"$9.200,00","$9.200,00"
261,20,261,3,"$24.900,00","$74.700,00"
262,4,262,3,"$25.700,00","$77.100,00"
263,35,263,6,"$25.800,00","$154.800,00"
264,17,264,2,"$26.900,00","$53.800,00"
265,37,265,1,"$17.400,00","$17.400,00"
266,15,266,3,"$46.300,00","$138.900,00"
267,22,267,5,"$12.900,00","$64.500,00"
268,36,268,4,"$18.000,00","$72.000,00"
269,25,269,2,"$22.300,00","$44.600,00"
270,11,270,4,"$22.700,00","$90.800,00"
271,30,271,2,"$14.400,00","$28.800,00"
272,41,272,5,"$42.700,00","$213.500,00"
273,19,273,1,"$67.200,00","$67.200,00"
274,1,274,5,"$8.990,00","$44.950,00"
275,23,275,4,"$35.400,00","$141.600,00"
276,2,276,2,"$21.500,00","$43.000,00"
277,10,277,2,"$10.500,00","$21.000,00"
278,33,278,5,"$27.400,00","$137.000,00"
279,27,279,4,"$16.800,00","$67.200,00"
280,12,280,1,"$32.800,00","$32.800,00"
281,39,281,4,"$15.500,00","$62.000,00"
282,31,282,6,"$18.600,00","$111.600,00"
283,3,283,5,"$58.900,00","$294.500,00"
284,45,284,3,"$56.200,00","$168.600,00"
285,17,285,1,"$26.900,00","$26.900,00"
286,14,286,2,"$8.700,00","$17.400,00"
287,29,287,1,"$19.900,00","$19.900,00"
288,32,288,5,"$49.800,00","$249.000,00"
289,5,289,5,"$39.900,00","$199.500,00"
290,47,290,1,"$88.100,00","$88.100,00"
291,16,291,1,"$11.500,00","$11.500,00"
292,34,292,2,"$8.990,00","$17.980,00"
293,30,293,3,"$14.400,00","$43.200,00"
294,28,294,3,"$7.900,00","$23.700,00"
295,43,295,6,"$75.800,00","$454.800,00"
296,20,296,5,"$24.900,00","$124.500,00"
297,18,297,5,"$23.500,00","$117.500,00"
298,15,298,4,"$46.300,00","$185.200,00"
299,35,299,2,"$25.800,00","$51.600,00"
300,24,300,6,"$29.500,00","$177.000,00"
301,37,301,5,"$17.400,00","$87.000,00"
302,22,302,1,"$12.900,00","$12.900,00"
303,38,303,5,"$72.500,00","$362.500,00"
304,13,304,6,"$9.200,00","$55.200,00"
305,11,305,1,"$22.700,00","$22.700,00"
306,4,306,6,"$25.700,00","$154.200,00"
307,36,307,1,"$18.000,00","$18.000,00"
308,23,308,4,"$35.400,00","$141.600,00"
309,25,309,6,"$22.300,00","$133.800,00"
310,2,310,1,"$21.500,00","$21.500,00"
311,40,311,4,"$28.300,00","$113.200,00"
312,3,312,1,"$58.900,00","$58.900,00"
313,41,313,1,"$42.700,00","$42.700,00"
314,39,314,6,"$15.500,00","$93.000,00"
315,19,315,2,"$67.200,00","$134.400,00"
316,12,316,5,"$32.800,00","$164.000,00"
317,29,317,1,"$19.900,00","$19.900,00"
318,15,318,3,"$46.300,00","$138.900,00"
319,1,319,3,"$8.990,00","$26.970,00"
320,45,320,2,"$56.200,00","$112.400,00"
321,5,321,6,"$39.900,00","$239.400,00"
322,33,322,4,"$27.400,00","$109.600,00"
323,21,323,6,"$27.600,00","$165.600,00"
324,31,324,4,"$18.600,00","$74.400,00"
325,14,325,5,"$8.700,00","$43.500,00"
326,28,326,4,"$7.900,00","$31.600,00"
327,16,327,5,"$11.500,00","$57.500,00"
328,30,328,1,"$14.400,00","$14.400,00"
329,34,329,2,"$8.990,00","$17.980,00"
330,20,330,2,"$24.900,00","$49.800,00"
331,24,331,5,"$29.500,00","$147.500,00"
332,37,332,4,"$17.400,00","$69.600,00"
333,17,333,1,"$26.900,00","$26.900,00"
334,8,334,2,"$16.400,00","$32.800,00"
335,10,335,6,"$10.500,00","$63.000,00"
336,32,336,2,"$49.800,00","$99.600,00"
337,4,337,1,"$25.700,00","$25.700,00"
338,47,338,5,"$88.100,00","$440.500,00"
339,36,339,3,"$18.000,00","$54.000,00"
340,23,340,2,"$35.400,00","$70.800,00"
341,35,341,5,"$25.800,00","$129.000,00"
342,18,342,3,"$23.500,00","$70.500,00"
343,25,343,4,"$22.300,00","$89.200,00"
344,13,344,1,"$9.200,00","$9.200,00"
345,38,345,4,"$72.500,00","$290.000,00"
346,33,346,1,"$27.400,00","$27.400,00"
347,22,347,6,"$12.900,00","$77.400,00"
348,2,348,3,"$21.500,00","$64.500,00"
349,29,349,6,"$19.900,00","$119.400,00"
350,42,350,4,"$11.900,00","$47.600,00"
351,3,351,4,"$58.900,00","$235.600,00"
352,16,352,6,"$11.500,00","$69.000,00"
353,31,353,3,"$18.600,00","$55.800,00"
354,1,354,5,"$8.990,00","$44.950,00"
355,17,355,1,"$26.900,00","$26.900,00"
356,26,356,5,"$41.700,00","$208.500,00"
357,12,357,3,"$32.800,00","$98.400,00"
358,14,358,1,"$8.700,00","$8.700,00"
359,34,359,6,"$8.990,00","$53.940,00"
360,5,360,4,"$39.900,00","$159.600,00"
361,21,361,3,"$27.600,00","$82.800,00"
362,35,362,4,"$25.800,00","$103.200,00"
363,18,363,6,"$23.500,00","$141.000,00"
364,40,364,2,"$28.300,00","$56.600,00"
365,36,365,3,"$18.000,00","$54.000,00"
366,45,366,5,"$56.200,00","$281.000,00"
367,23,367,3,"$35.400,00","$106.200,00"
368,15,368,1,"$46.300,00","$46.300,00"
369,32,369,4,"$49.800,00","$199.200,00"
370,20,370,1,"$24.900,00","$24.900,00"
371,4,371,4,"$25.700,00","$102.800,00"
372,12,372,3,"$32.800,00","$98.400,00"
373,30,373,3,"$14.400,00","$43.200,00"
374,13,374,5,"$9.200,00","$46.000,00"
375,31,375,4,"$18.600,00","$74.400,00"
376,11,376,1,"$22.700,00","$22.700,00"
377,22,377,2,"$12.900,00","$25.800,00"
378,39,378,1,"$15.500,00","$15.500,00"
379,37,379,4,"$17.400,00","$69.600,00"
380,25,380,5,"$22.300,00","$111.500,00"
381,47,381,4,"$88.100,00","$352.400,00"
382,1,382,6,"$8.990,00","$53.940,00"
383,16,383,1,"$11.500,00","$11.500,00"
384,43,384,4,"$75.800,00","$303.200,00"
385,29,385,1,"$19.900,00","$19.900,00"
386,8,386,5,"$16.400,00","$82.000,00"
387,5,387,2,"$39.900,00","$79.800,00"
388,21,388,6,"$27.600,00","$165.600,00"
389,38,389,6,"$72.500,00","$435.000,00"
390,33,390,4,"$27.400,00","$109.600,00"
391,24,391,2,"$29.500,00","$59.000,00"
392,27,392,5,"$16.800,00","$84.000,00"
393,14,393,1,"$8.700,00","$8.700,00"
394,26,394,3,"$41.700,00","$125.100,00"
395,3,395,1,"$58.900,00","$58.900,00"
396,17,396,6,"$26.900,00","$161.400,00"
397,28,397,1,"$7.900,00","$7.900,00"
398,34,398,4,"$8.990,00","$35.960,00"
399,40,399,1,"$28.300,00","$28.300,00"
400,42,400,1,"$11.900,00","$11.900,00"
401,19,401,3,"$67.200,00","$201.600,00"
402,30,402,6,"$14.400,00","$86.400,00"
403,36,403,5,"$18.000,00","$90.000,00"
404,45,404,2,"$56.200,00","$112.400,00"
405,23,405,5,"$35.400,00","$177.000,00"
406,15,406,1,"$46.300,00","$46.300,00"
407,13,407,3,"$9.200,00","$27.600,00"
408,32,408,6,"$49.800,00","$298.800,00"
409,2,409,6,"$21.500,00","$129.000,00"
410,39,410,5,"$15.500,00","$77.500,00"
411,37,411,1,"$17.400,00","$17.400,00"
412,4,412,5,"$25.700,00","$128.500,00"
413,1,413,3,"$8.990,00","$26.970,00"
414,41,414,1,"$42.700,00","$42.700,00"
415,25,415,2,"$22.300,00","$44.600,00"
416,17,416,1,"$26.900,00","$26.900,00"
417,10,417,6,"$10.500,00","$63.000,00"
418,24,418,4,"$29.500,00","$118.000,00"
419,33,419,3,"$27.400,00","$82.200,00"
420,22,420,1,"$12.900,00","$12.900,00"
421,5,421,5,"$39.900,00","$199.500,00"
422,14,422,6,"$8.700,00","$52.200,00"
423,35,423,6,"$25.800,00","$154.800,00"
424,29,424,4,"$19.900,00","$79.600,00"
425,31,425,2,"$18.600,00","$37.200,00"
426,38,426,4,"$72.500,00","$290.000,00"
427,26,427,5,"$41.700,00","$208.500,00"
428,47,428,2,"$88.100,00","$176.200,00"
429,20,429,6,"$24.900,00","$149.400,00"
430,18,430,4,"$23.500,00","$94.000,00"
431,30,431,5,"$14.400,00","$72.000,00"
432,12,432,1,"$32.800,00","$32.800,00"
433,23,433,3,"$35.400,00","$106.200,00"
434,19,434,4,"$67.200,00","$268.800,00"
435,3,435,2,"$58.900,00","$117.800,00"
436,42,436,6,"$11.900,00","$71.400,00"
437,36,437,3,"$18.000,00","$54.000,00"
438,27,438,1,"$16.800,00","$16.800,00"
439,2,439,4,"$21.500,00","$86.000,00"
440,17,440,2,"$26.900,00","$53.800,00"
441,34,441,5,"$8.990,00","$44.950,00"
442,33,442,6,"$27.400,00","$164.400,00"
443,15,443,3,"$46.300,00","$138.900,00"
444,16,444,1,"$11.500,00","$11.500,00"
445,13,445,5,"$9.200,00","$46.000,00"
446,45,446,1,"$56.200,00","$56.200,00"
447,4,447,1,"$25.700,00","$25.700,00"
448,21,448,2,"$27.600,00","$55.200,00"
449,39,449,6,"$15.500,00","$93.000,00"
450,10,450,5,"$10.500,00","$52.500,00"
451,25,451,1,"$22.300,00","$22.300,00"
452,35,452,5,"$25.800,00","$129.000,00"
453,32,453,3,"$49.800,00","$149.400,00"
454,11,454,6,"$22.700,00","$136.200,00"
455,31,455,1,"$18.600,00","$18.600,00"
456,14,456,1,"$8.700,00","$8.700,00"
457,24,457,2,"$29.500,00","$59.000,00"
458,28,458,6,"$7.900,00","$47.400,00"
459,20,459,4,"$24.900,00","$99.600,00"
460,37,460,4,"$17.400,00","$69.600,00"
461,22,461,3,"$12.900,00","$38.700,00"
462,41,462,4,"$42.700,00","$170.800,00"
463,18,463,6,"$23.500,00","$141.000,00"
464,5,464,2,"$39.900,00","$79.800,00"
465,30,465,1,"$14.400,00","$14.400,00"
466,3,466,4,"$58.900,00","$235.600,00"
467,43,467,5,"$75.800,00","$379.000,00"
468,33,468,3,"$27.400,00","$82.200,00"
469,29,469,5,"$19.900,00","$99.500,00"
470,23,470,1,"$35.400,00","$35.400,00"
471,38,471,1,"$72.500,00","$72.500,00"
472,47,472,3,"$88.100,00","$264.300,00"
473,17,473,4,"$26.900,00","$107.600,00"
474,15,474,5,"$46.300,00","$231.500,00"
475,36,475,4,"$18.000,00","$72.000,00"
476,2,476,1,"$21.500,00","$21.500,00"
477,13,477,2,"$9.200,00","$18.400,00"
478,16,478,6,"$11.500,00","$69.000,00"
479,4,479,5,"$25.700,00","$128.500,00"
480,27,480,3,"$16.800,00","$50.400,00"
481,32,481,4,"$49.800,00","$199.200,00"
482,1,482,6,"$8.990,00","$53.940,00"
483,34,483,1,"$8.990,00","$8.990,00"
484,35,484,2,"$25.800,00","$51.600,00"
485,14,485,4,"$8.700,00","$34.800,00"
486,26,486,2,"$41.700,00","$83.400,00"
487,39,487,1,"$15.500,00","$15.500,00"
488,22,488,5,"$12.900,00","$64.500,00"
489,31,489,5,"$18.600,00","$93.000,00"
490,25,490,4,"$22.300,00","$89.200,00"
491,28,491,1,"$7.900,00","$7.900,00"
492,20,492,2,"$24.900,00","$49.800,00"
493,19,493,3,"$67.200,00","$201.600,00"
494,45,494,4,"$56.200,00","$224.800,00"
495,17,495,6,"$26.900,00","$161.400,00"
496,10,496,4,"$10.500,00","$42.000,00"
497,2,497,5,"$21.500,00","$107.500,00"
498,30,498,1,"$14.400,00","$14.400,00"
499,23,499,5,"$35.400,00","$177.000,00"
500,3,500,6,"$58.900,00","$353.400,00"
501,37,501,3,"$17.400,00","$52.200,00"
502,18,502,1,"$23.500,00","$23.500,00"
503,5,503,5,"$39.900,00","$199.500,00"
504,40,504,6,"$28.300,00","$169.800,00"
505,15,505,4,"$46.300,00","$185.200,00"
506,8,506,1,"$16.400,00","$16.400,00"
507,47,507,1,"$88.100,00","$88.100,00"
508,24,508,4,"$29.500,00","$118.000,00"
509,34,509,6,"$8.990,00","$53.940,00"
510,37,510,1,"$17.400,00","$17.400,00"
511,13,511,4,"$9.200,00","$36.800,00"
512,1,512,1,"$8.990,00","$8.990,00"
513,19,513,5,"$67.200,00","$336.000,00"
514,25,514,1,"$22.300,00","$22.300,00"
515,10,515,2,"$10.500,00","$21.000,00"
516,29,516,3,"$19.900,00","$59.700,00"
517,5,517,1,"$39.900,00","$39.900,00"
518,16,518,1,"$11.500,00","$11.500,00"
519,4,519,6,"$25.700,00","$154.200,00"
520,30,520,2,"$14.400,00","$28.800,00"
521,32,521,5,"$49.800,00","$249.000,00"
522,33,522,4,"$27.400,00","$109.600,00"
523,11,523,3,"$22.700,00","$68.100,00"
524,21,524,1,"$27.600,00","$27.600,00"
525,38,525,2,"$72.500,00","$145.000,00"
526,15,526,6,"$46.300,00","$277.800,00"
527,22,527,4,"$12.900,00","$51.600,00"
528,36,528,5,"$18.000,00","$90.000,00"
529,12,529,1,"$32.800,00","$32.800,00"
530,41,530,6,"$42.700,00","$256.200,00"
531,23,531,3,"$35.400,00","$106.200,00"
532,35,532,4,"$25.800,00","$103.200,00"
533,2,533,6,"$21.500,00","$129.000,00"
534,45,534,5,"$56.200,00","$281.000,00"
535,18,535,3,"$23.500,00","$70.500,00"
536,31,536,2,"$18.600,00","$37.200,00"
537,26,537,1,"$41.700,00","$41.700,00"
538,40,538,1,"$28.300,00","$28.300,00"
539,14,539,2,"$8.700,00","$17.400,00"
540,34,540,3,"$8.990,00","$26.970,00"
541,24,541,5,"$29.500,00","$147.500,00"
542,3,542,1,"$58.900,00","$58.900,00"
543,17,543,4,"$26.900,00","$107.600,00"
544,39,544,5,"$15.500,00","$77.500,00"
545,13,545,6,"$9.200,00","$55.200,00"
546,28,546,3,"$7.900,00","$23.700,00"
547,47,547,1,"$88.100,00","$88.100,00"
548,27,548,4,"$16.800,00","$67.200,00"
549,25,549,2,"$22.300,00","$44.600,00"
550,10,550,1,"$10.500,00","$10.500,00"
551,20,551,3,"$24.900,00","$74.700,00"
552,37,552,6,"$17.400,00","$104.400,00"
553,8,553,5,"$16.400,00","$82.000,00"
554,33,554,3,"$27.400,00","$82.200,00"
555,1,555,5,"$8.990,00","$44.950,00"
556,42,556,2,"$11.900,00","$23.800,00"
557,30,557,6,"$14.400,00","$86.400,00"
558,35,558,1,"$25.800,00","$25.800,00"
559,23,559,4,"$35.400,00","$141.600,00"
560,4,560,1,"$25.700,00","$25.700,00"
561,16,561,3,"$11.500,00","$34.500,00"
562,19,562,1,"$67.200,00","$67.200,00"
563,29,563,6,"$19.900,00","$119.400,00"
564,12,564,2,"$32.800,00","$65.600,00"
565,36,565,1,"$18.000,00","$18.000,00"
566,15,566,5,"$46.300,00","$231.500,00"
567,22,567,5,"$12.900,00","$64.500,00"
568,2,568,3,"$21.500,00","$64.500,00"
569,31,569,4,"$18.600,00","$74.400,00"
570,45,570,4,"$56.200,00","$224.800,00"
571,34,571,2,"$8.990,00","$17.980,00"
572,32,572,1,"$49.800,00","$49.800,00"
573,18,573,4,"$23.500,00","$94.000,00"
574,3,574,5,"$58.900,00","$294.500,00"
575,38,575,4,"$72.500,00","$290.000,00"
576,17,576,3,"$26.900,00","$80.700,00"
577,26,577,6,"$41.700,00","$250.200,00"
578,5,578,1,"$39.900,00","$39.900,00"
579,14,579,4,"$8.700,00","$34.800,00"
580,24,580,1,"$29.500,00","$29.500,00"
581,39,581,6,"$15.500,00","$93.000,00"
582,20,582,5,"$24.900,00","$124.500,00"
583,13,583,1,"$9.200,00","$9.200,00"
584,33,584,2,"$27.400,00","$54.800,00"
585,25,585,1,"$22.300,00","$22.300,00"
586,37,586,5,"$17.400,00","$87.000,00"
587,28,587,4,"$7.900,00","$31.600,00"
588,1,588,2,"$8.990,00","$17.980,00"
589,47,589,6,"$88.100,00","$528.600,00"
590,11,590,3,"$22.700,00","$68.100,00"
591,30,591,4,"$14.400,00","$57.600,00"
592,23,592,2,"$35.400,00","$70.800,00"
593,15,593,3,"$46.300,00","$138.900,00"
594,40,594,1,"$28.300,00","$28.300,00"
595,35,595,6,"$25.800,00","$154.800,00"
596,36,596,4,"$18.000,00","$72.000,00"
597,27,597,5,"$16.800,00","$84.000,00"
598,19,598,4,"$67.200,00","$268.800,00"
599,17,599,5,"$26.900,00","$134.500,00"
600,34,600,1,"$8.990,00","$8.990,00"
601,2,601,4,"$21.500,00","$86.000,00"
602,39,602,1,"$15.500,00","$15.500,00"
603,31,603,5,"$18.600,00","$93.000,00"
604,8,604,3,"$16.400,00","$49.200,00"
605,4,605,3,"$25.700,00","$77.100,00"
606,16,606,2,"$11.500,00","$23.000,00"
607,22,607,1,"$12.900,00","$12.900,00"
608,43,608,4,"$75.800,00","$303.200,00"
609,29,609,2,"$19.900,00","$39.800,00"
610,10,610,5,"$10.500,00","$52.500,00"
611,32,611,4,"$49.800,00","$199.200,00"
612,38,612,6,"$72.500,00","$435.000,00"
613,30,613,1,"$14.400,00","$14.400,00"
614,18,614,2,"$23.500,00","$47.000,00"
615,25,615,3,"$22.300,00","$66.900,00"
616,5,616,5,"$39.900,00","$199.500,00"
617,40,617,3,"$28.300,00","$84.900,00"
618,23,618,6,"$35.400,00","$212.400,00"
619,13,619,1,"$9.200,00","$9.200,00"
620,45,620,4,"$56.200,00","$224.800,00"
621,37,621,5,"$17.400,00","$87.000,00"
622,24,622,3,"$29.500,00","$88.500,00"
623,33,623,1,"$27.400,00","$27.400,00"
624,4,624,5,"$25.700,00","$128.500,00"
625,14,625,6,"$8.700,00","$52.200,00"
626,1,626,4,"$8.990,00","$35.960,00"
627,21,627,5,"$27.600,00","$138.000,00"
628,3,628,2,"$58.900,00","$117.800,00"
629,28,629,4,"$7.900,00","$31.600,00"
630,35,630,3,"$25.800,00","$77.400,00"
631,32,631,1,"$49.800,00","$49.800,00"
632,39,632,5,"$15.500,00","$77.500,00"
633,17,633,6,"$26.900,00","$161.400,00"
634,22,634,4,"$12.900,00","$51.600,00"
635,26,635,1,"$41.700,00","$41.700,00"
636,36,636,6,"$18.000,00","$108.000,00"
637,28,637,6,"$7.900,00","$47.400,00"
638,5,638,1,"$39.900,00","$39.900,00"
639,29,639,4,"$19.900,00","$79.600,00"
640,38,640,2,"$72.500,00","$145.000,00"
641,31,641,5,"$18.600,00","$93.000,00"
642,1,642,3,"$8.990,00","$26.970,00"
643,24,643,6,"$29.500,00","$177.000,00"
644,35,644,1,"$25.800,00","$25.800,00"
645,47,645,4,"$88.100,00","$352.400,00"
646,32,646,3,"$49.800,00","$149.400,00"
647,4,647,1,"$25.700,00","$25.700,00"
648,15,648,4,"$46.300,00","$185.200,00"
649,17,649,2,"$26.900,00","$53.800,00"
650,3,650,4,"$58.900,00","$235.600,00"
651,33,651,1,"$27.400,00","$27.400,00"
652,36,652,6,"$18.000,00","$108.000,00"
653,25,653,3,"$22.300,00","$66.900,00"
654,10,654,1,"$10.500,00","$10.500,00"
655,29,655,5,"$19.900,00","$99.500,00"
656,5,656,6,"$39.900,00","$239.400,00"
657,1,657,2,"$8.990,00","$17.980,00"
658,22,658,1,"$12.900,00","$12.900,00"
659,45,659,6,"$56.200,00","$337.200,00"
660,13,660,4,"$9.200,00","$36.800,00"
661,18,661,3,"$23.500,00","$70.500,00"
662,40,662,5,"$28.300,00","$141.500,00"
663,15,663,6,"$46.300,00","$277.800,00"
664,23,664,1,"$35.400,00","$35.400,00"
665,37,665,4,"$17.400,00","$69.600,00"
666,42,666,1,"$11.900,00","$11.900,00"
667,20,667,3,"$24.900,00","$74.700,00"
668,39,668,4,"$15.500,00","$62.000,00"
669,34,669,5,"$8.990,00","$44.950,00"
670,21,670,2,"$27.600,00","$55.200,00"
671,30,671,3,"$14.400,00","$43.200,00"
672,47,672,1,"$88.100,00","$88.100,00"
673,35,673,6,"$25.800,00","$154.800,00"
674,31,674,1,"$18.600,00","$18.600,00"
675,17,675,5,"$26.900,00","$134.500,00"
676,14,676,2,"$8.700,00","$17.400,00"
677,19,677,6,"$67.200,00","$403.200,00"
678,26,678,4,"$41.700,00","$166.800,00"
679,38,679,1,"$72.500,00","$72.500,00"
680,2,680,1,"$21.500,00","$21.500,00"
681,28,681,3,"$7.900,00","$23.700,00"
682,8,682,4,"$16.400,00","$65.600,00"
683,43,683,1,"$75.800,00","$75.800,00"
684,11,684,5,"$22.700,00","$113.500,00"
685,1,685,2,"$8.990,00","$17.980,00"
686,41,686,5,"$42.700,00","$213.500,00"
687,36,687,3,"$18.000,00","$54.000,00"
688,27,688,1,"$16.800,00","$16.800,00"
689,18,689,6,"$23.500,00","$141.000,00"
690,16,690,4,"$11.500,00","$46.000,00"
691,12,691,6,"$32.800,00","$196.800,00"
692,3,692,2,"$58.900,00","$117.800,00"
693,29,693,3,"$19.900,00","$59.700,00"
694,45,694,1,"$56.200,00","$56.200,00"
695,4,695,6,"$25.700,00","$154.200,00"
696,25,696,5,"$22.300,00","$111.500,00"
697,24,697,1,"$29.500,00","$29.500,00"
698,5,698,1,"$39.900,00","$39.900,00"
699,10,699,4,"$10.500,00","$42.000,00"
700,32,700,2,"$49.800,00","$99.600,00"
701,22,701,5,"$12.900,00","$64.500,00"
702,33,702,6,"$27.400,00","$164.400,00"
703,40,703,1,"$28.300,00","$28.300,00"
704,15,704,4,"$46.300,00","$185.200,00"
705,37,705,5,"$17.400,00","$87.000,00"
706,14,706,1,"$8.700,00","$8.700,00"
707,26,707,3,"$41.700,00","$125.100,00"
708,20,708,6,"$24.900,00","$149.400,00"
709,47,709,5,"$88.100,00","$440.500,00"
710,35,710,1,"$25.800,00","$25.800,00"
711,39,711,2,"$15.500,00","$31.000,00"
712,18,712,1,"$23.500,00","$23.500,00"
713,34,713,4,"$8.990,00","$35.960,00"
714,2,714,5,"$21.500,00","$107.500,00"
715,19,715,4,"$67.200,00","$268.800,00"
716,43,716,6,"$75.800,00","$454.800,00"
717,29,717,1,"$19.900,00","$19.900,00"
718,36,718,2,"$18.000,00","$36.000,00"
719,25,719,3,"$22.300,00","$66.900,00"
720,31,720,6,"$18.600,00","$111.600,00"
721,17,721,1,"$26.900,00","$26.900,00"
722,32,722,5,"$49.800,00","$249.000,00"
723,1,723,1,"$8.990,00","$8.990,00"
724,45,724,2,"$56.200,00","$112.400,00"
725,24,725,5,"$29.500,00","$147.500,00"
726,16,726,3,"$11.500,00","$34.500,00"
727,3,727,4,"$58.900,00","$235.600,00"
728,12,728,5,"$32.800,00","$164.000,00"
729,22,729,1,"$12.900,00","$12.900,00"
730,38,730,4,"$72.500,00","$290.000,00"
731,23,731,4,"$35.400,00","$141.600,00"
732,33,732,1,"$27.400,00","$27.400,00"
733,10,733,6,"$10.500,00","$63.000,00"
734,11,734,2,"$22.700,00","$45.400,00"
735,27,735,5,"$16.800,00","$84.000,00"
736,5,736,6,"$39.900,00","$239.400,00"
737,4,737,3,"$25.700,00","$77.100,00"
738,30,738,1,"$14.400,00","$14.400,00"
739,41,739,4,"$42.700,00","$170.800,00"
740,8,740,2,"$16.400,00","$32.800,00"
741,28,741,5,"$7.900,00","$39.500,00"
742,14,742,6,"$8.700,00","$52.200,00"
743,37,743,1,"$17.400,00","$17.400,00"
744,42,744,5,"$11.900,00","$59.500,00"
745,36,745,6,"$18.000,00","$108.000,00"
746,15,746,1,"$46.300,00","$46.300,00"
747,35,747,4,"$25.800,00","$103.200,00"
748,20,748,4,"$24.900,00","$99.600,00"
749,39,749,1,"$15.500,00","$15.500,00"
750,13,750,3,"$9.200,00","$27.600,00"
751,18,751,5,"$23.500,00","$117.500,00"
752,34,752,2,"$8.990,00","$17.980,00"
753,43,753,3,"$75.800,00","$227.400,00"
754,2,754,6,"$21.500,00","$129.000,00"
755,32,755,1,"$49.800,00","$49.800,00"
756,19,756,2,"$67.200,00","$134.400,00"
757,45,757,5,"$56.200,00","$281.000,00"
758,33,758,4,"$27.400,00","$109.600,00"
759,26,759,6,"$41.700,00","$250.200,00"
760,21,760,1,"$27.600,00","$27.600,00"
761,40,761,3,"$28.300,00","$84.900,00"
762,31,762,5,"$18.600,00","$93.000,00"
763,17,763,2,"$26.900,00","$53.800,00"
764,45,764,1,"$56.200,00","$56.200,00"
765,19,765,6,"$67.200,00","$403.200,00"
766,15,766,3,"$46.300,00","$138.900,00"
767,24,767,4,"$29.500,00","$118.000,00"
768,13,768,5,"$9.200,00","$46.000,00"
769,35,769,1,"$25.800,00","$25.800,00"
770,37,770,6,"$17.400,00","$104.400,00"
771,2,771,2,"$21.500,00","$43.000,00"
772,20,772,1,"$24.900,00","$24.900,00"
773,11,773,4,"$22.700,00","$90.800,00"
774,33,774,5,"$27.400,00","$137.000,00"
775,36,775,3,"$18.000,00","$54.000,00"
776,25,776,6,"$22.300,00","$133.800,00"
777,28,777,1,"$7.900,00","$7.900,00"
778,4,778,4,"$25.700,00","$102.800,00"
779,39,779,1,"$15.500,00","$15.500,00"
780,32,780,5,"$49.800,00","$249.000,00"
781,3,781,3,"$58.900,00","$176.700,00"
782,12,782,4,"$32.800,00","$131.200,00"
783,29,783,1,"$19.900,00","$19.900,00"
784,27,784,2,"$16.800,00","$33.600,00"
785,40,785,6,"$28.300,00","$169.800,00"
786,43,786,1,"$75.800,00","$75.800,00"
787,30,787,5,"$14.400,00","$72.000,00"
788,1,788,1,"$8.990,00","$8.990,00"
789,41,789,4,"$42.700,00","$170.800,00"
790,34,790,5,"$8.990,00","$44.950,00"
791,5,791,2,"$39.900,00","$79.800,00"
792,22,792,6,"$12.900,00","$77.400,00"
793,18,793,3,"$23.500,00","$70.500,00"
794,42,794,1,"$11.900,00","$11.900,00"
795,35,795,5,"$25.800,00","$129.000,00"
796,16,796,4,"$11.500,00","$46.000,00"
797,21,797,1,"$27.600,00","$27.600,00"
798,10,798,6,"$10.500,00","$63.000,00"
799,8,799,3,"$16.400,00","$49.200,00"
800,47,800,1,"$88.100,00","$88.100,00"
801,23,801,4,"$35.400,00","$141.600,00"
802,14,802,5,"$8.700,00","$43.500,00"
803,38,803,2,"$72.500,00","$145.000,00"
804,17,804,6,"$26.900,00","$161.400,00"
805,36,805,1,"$18.000,00","$18.000,00"
806,15,806,4,"$46.300,00","$185.200,00"
807,26,807,5,"$41.700,00","$208.500,00"
808,31,808,1,"$18.600,00","$18.600,00"
809,19,809,3,"$67.200,00","$201.600,00"
810,37,810,5,"$17.400,00","$87.000,00"
811,24,811,2,"$29.500,00","$59.000,00"
812,45,812,6,"$56.200,00","$337.200,00"
813,33,813,3,"$27.400,00","$82.200,00"
814,20,814,1,"$24.900,00","$24.900,00"
815,25,815,4,"$22.300,00","$89.200,00"
816,39,816,5,"$15.500,00","$77.500,00"
817,11,817,2,"$22.700,00","$45.400,00"
818,12,818,6,"$32.800,00","$196.800,00"
819,29,819,1,"$19.900,00","$19.900,00"
820,4,820,3,"$25.700,00","$77.100,00"
821,30,821,4,"$14.400,00","$57.600,00"
822,3,822,1,"$58.900,00","$58.900,00"
823,27,823,5,"$16.800,00","$84.000,00"
824,2,824,1,"$21.500,00","$21.500,00"
825,16,825,2,"$11.500,00","$23.000,00"
826,28,826,6,"$7.900,00","$47.400,00"
827,34,827,4,"$8.990,00","$35.960,00"
828,13,828,5,"$9.200,00","$46.000,00"
829,35,829,3,"$25.800,00","$77.400,00"
830,5,830,1,"$39.900,00","$39.900,00"
831,18,831,4,"$23.500,00","$94.000,00"
832,22,832,5,"$12.900,00","$64.500,00"
833,40,833,1,"$28.300,00","$28.300,00"
834,38,834,5,"$72.500,00","$362.500,00"
835,43,835,6,"$75.800,00","$454.800,00"
836,1,836,3,"$8.990,00","$26.970,00"
837,14,837,1,"$8.700,00","$8.700,00"
838,41,838,4,"$42.700,00","$170.800,00"
839,42,839,5,"$11.900,00","$59.500,00"
840,23,840,2,"$35.400,00","$70.800,00"
841,32,841,6,"$49.800,00","$298.800,00"
842,33,842,1,"$27.400,00","$27.400,00"
843,17,843,4,"$26.900,00","$107.600,00"
844,25,844,5,"$22.300,00","$111.500,00"
845,21,845,3,"$27.600,00","$82.800,00"
846,39,846,1,"$15.500,00","$15.500,00"
847,36,847,2,"$18.000,00","$36.000,00"
848,37,848,6,"$17.400,00","$104.400,00"
849,47,849,1,"$88.100,00","$88.100,00"
850,24,850,4,"$29.500,00","$118.000,00"
851,15,851,5,"$46.300,00","$231.500,00"
852,10,852,1,"$10.500,00","$10.500,00"
853,34,853,5,"$8.990,00","$44.950,00"
854,19,854,3,"$67.200,00","$201.600,00"
855,31,855,6,"$18.600,00","$111.600,00"
856,12,856,1,"$32.800,00","$32.800,00"
857,20,857,4,"$24.900,00","$99.600,00"
858,26,858,5,"$41.700,00","$208.500,00"
859,29,859,1,"$19.900,00","$19.900,00"
860,45,860,3,"$56.200,00","$168.600,00"
861,8,861,2,"$16.400,00","$32.800,00"
862,3,862,4,"$58.900,00","$235.600,00"
863,11,863,5,"$22.700,00","$113.500,00"
864,16,864,1,"$11.500,00","$11.500,00"
865,30,865,6,"$14.400,00","$86.400,00"
866,15,866,4,"$46.300,00","$185.200,00"
867,22,867,3,"$12.900,00","$38.700,00"
868,25,868,1,"$22.300,00","$22.300,00"
869,34,869,5,"$8.990,00","$44.950,00"
870,45,870,2,"$56.200,00","$112.400,00"
871,33,871,6,"$27.400,00","$164.400,00"
872,27,872,1,"$16.800,00","$16.800,00"
873,18,873,4,"$23.500,00","$94.000,00"
874,42,874,5,"$11.900,00","$59.500,00"
875,36,875,3,"$18.000,00","$54.000,00"
876,39,876,2,"$15.500,00","$31.000,00"
877,1,877,1,"$8.990,00","$8.990,00"
878,23,878,6,"$35.400,00","$212.400,00"
879,35,879,4,"$25.800,00","$103.200,00"
880,13,880,5,"$9.200,00","$46.000,00"
881,29,881,1,"$19.900,00","$19.900,00"
882,40,882,4,"$28.300,00","$113.200,00"
883,19,883,3,"$67.200,00","$201.600,00"
884,2,884,1,"$21.500,00","$21.500,00"
885,4,885,2,"$25.700,00","$51.400,00"
886,41,886,5,"$42.700,00","$213.500,00"
887,47,887,6,"$88.100,00","$528.600,00"
888,24,888,1,"$29.500,00","$29.500,00"
889,28,889,4,"$7.900,00","$31.600,00"
890,5,890,5,"$39.900,00","$199.500,00"
891,32,891,1,"$49.800,00","$49.800,00"
892,31,892,3,"$18.600,00","$55.800,00"
893,20,893,6,"$24.900,00","$149.400,00"
894,14,894,1,"$8.700,00","$8.700,00"
895,10,895,5,"$10.500,00","$52.500,00"
896,12,896,4,"$32.800,00","$131.200,00"
897,26,897,2,"$41.700,00","$83.400,00"
898,38,898,6,"$72.500,00","$435.000,00"
899,17,899,1,"$26.900,00","$26.900,00"
900,25,900,4,"$22.300,00","$89.200,00"
901,8,901,5,"$16.400,00","$82.000,00"
902,43,902,1,"$75.800,00","$75.800,00"
903,21,903,3,"$27.600,00","$82.800,00"
904,11,904,6,"$22.700,00","$136.200,00"
905,16,905,1,"$11.500,00","$11.500,00"
906,40,906,4,"$28.300,00","$113.200,00"
907,33,907,5,"$27.400,00","$137.000,00"
908,13,908,1,"$9.200,00","$9.200,00"
909,37,909,6,"$17.400,00","$104.400,00"
910,22,910,2,"$12.900,00","$25.800,00"
911,34,911,3,"$8.990,00","$26.970,00"
912,3,912,1,"$58.900,00","$58.900,00"
913,18,913,5,"$23.500,00","$117.500,00"
914,29,914,4,"$19.900,00","$79.600,00"
915,23,915,1,"$35.400,00","$35.400,00"
916,36,916,6,"$18.000,00","$108.000,00"
917,35,917,4,"$25.800,00","$103.200,00"
918,15,918,5,"$46.300,00","$231.500,00"
919,12,919,1,"$32.800,00","$32.800,00"
920,42,920,3,"$11.900,00","$35.700,00"
921,17,921,4,"$26.900,00","$107.600,00"
922,20,922,1,"$24.900,00","$24.900,00"
923,26,923,5,"$41.700,00","$208.500,00"
924,38,924,1,"$72.500,00","$72.500,00"
925,31,925,2,"$18.600,00","$37.200,00"
926,4,926,6,"$25.700,00","$154.200,00"
927,10,927,1,"$10.500,00","$10.500,00"
928,24,928,5,"$29.500,00","$147.500,00"
929,41,929,4,"$42.700,00","$170.800,00"
930,47,930,1,"$88.100,00","$88.100,00"
931,14,931,2,"$8.700,00","$17.400,00"
932,32,932,6,"$49.800,00","$298.800,00"
933,2,933,3,"$21.500,00","$64.500,00"
934,19,934,1,"$67.200,00","$67.200,00"
935,28,935,5,"$7.900,00","$39.500,00"
936,1,936,4,"$8.990,00","$35.960,00"
937,39,937,5,"$15.500,00","$77.500,00"
938,33,938,1,"$27.400,00","$27.400,00"
939,8,939,2,"$16.400,00","$32.800,00"
940,45,940,6,"$56.200,00","$337.200,00"
941,30,941,1,"$14.400,00","$14.400,00"
942,21,942,4,"$27.600,00","$110.400,00"
943,36,943,5,"$18.000,00","$90.000,00"
944,13,944,1,"$9.200,00","$9.200,00"
945,16,945,3,"$11.500,00","$34.500,00"
946,25,946,6,"$22.300,00","$133.800,00"
947,5,947,1,"$39.900,00","$39.900,00"
948,40,948,4,"$28.300,00","$113.200,00"
949,11,949,5,"$22.700,00","$113.500,00"
950,37,950,1,"$17.400,00","$17.400,00"
951,34,951,2,"$8.990,00","$17.980,00"
952,35,952,6,"$25.800,00","$154.800,00"
953,22,953,1,"$12.900,00","$12.900,00"
954,43,954,3,"$75.800,00","$227.400,00"
955,18,955,4,"$23.500,00","$94.000,00"
956,3,956,5,"$58.900,00","$294.500,00"
957,27,957,1,"$16.800,00","$16.800,00"
958,23,958,4,"$35.400,00","$141.600,00"
959,20,959,5,"$24.900,00","$124.500,00"
960,14,960,1,"$8.700,00","$8.700,00"
961,26,961,3,"$41.700,00","$125.100,00"
962,29,962,6,"$19.900,00","$119.400,00"
963,42,963,1,"$11.900,00","$11.900,00"
964,32,964,4,"$49.800,00","$199.200,00"
965,2,965,5,"$21.500,00","$107.500,00"
966,17,966,1,"$26.900,00","$26.900,00"
967,10,967,2,"$10.500,00","$21.000,00"
968,38,968,6,"$72.500,00","$435.000,00"
969,31,969,4,"$18.600,00","$74.400,00"
970,12,970,5,"$32.800,00","$164.000,00"
971,19,971,1,"$67.200,00","$67.200,00"
972,24,972,3,"$29.500,00","$88.500,00"
973,4,973,1,"$25.700,00","$25.700,00"
974,47,974,5,"$88.100,00","$440.500,00"
975,8,975,4,"$16.400,00","$65.600,00"
976,41,976,2,"$42.700,00","$85.400,00"
977,33,977,1,"$27.400,00","$27.400,00"
978,15,978,6,"$46.300,00","$277.800,00"
979,1,979,5,"$8.990,00","$44.950,00"
980,45,980,3,"$56.200,00","$168.600,00"
981,39,981,1,"$15.500,00","$15.500,00"
982,37,982,4,"$17.400,00","$69.600,00"
983,18,983,2,"$23.500,00","$47.000,00"
984,36,984,3,"$18.000,00","$54.000,00"
985,25,985,1,"$22.300,00","$22.300,00"
986,35,986,4,"$25.800,00","$103.200,00"
987,34,987,5,"$8.990,00","$44.950,00"
988,23,988,1,"$35.400,00","$35.400,00"
989,30,989,6,"$14.400,00","$86.400,00"
990,27,990,1,"$16.800,00","$16.800,00"
991,11,991,4,"$22.700,00","$90.800,00"
992,22,992,5,"$12.900,00","$64.500,00"
993,13,993,1,"$9.200,00","$9.200,00"
994,40,994,3,"$28.300,00","$84.900,00"
995,16,995,6,"$11.500,00","$69.000,00"
996,20,996,1,"$24.900,00","$24.900,00"
997,5,997,4,"$39.900,00","$159.600,00"
998,26,998,5,"$41.700,00","$208.500,00"
999,3,999,1,"$58.900,00","$58.900,00"
1000,17,1000,3,"$26.900,00","$80.700,00"
1001,43,1001,4,"$75.800,00","$303.200,00"
1002,32,1002,1,"$49.800,00","$49.800,00"
1003,29,1003,5,"$19.900,00","$99.500,00"
1004,42,1004,6,"$11.900,00","$71.400,00"
1005,14,1005,1,"$8.700,00","$8.700,00"
1006,31,1006,4,"$18.600,00","$74.400,00"
1007,2,1007,2,"$21.500,00","$43.000,00"
1008,38,1008,5,"$72.500,00","$362.500,00"
1009,12,1009,1,"$32.800,00","$32.800,00"
1010,28,1010,3,"$7.900,00","$23.700,00"
1011,41,1011,6,"$42.700,00","$256.200,00"
1012,10,1012,1,"$10.500,00","$10.500,00"
1013,24,1013,4,"$29.500,00","$118.000,00"
1014,39,1014,5,"$15.500,00","$77.500,00"
1015,47,1015,1,"$88.100,00","$88.100,00"
1016,35,1016,2,"$25.800,00","$51.600,00"
1017,19,1017,6,"$67.200,00","$403.200,00"
1018,15,1018,4,"$46.300,00","$185.200,00"
1019,33,1019,1,"$27.400,00","$27.400,00"
1020,23,1020,3,"$35.400,00","$106.200,00"
1021,4,1021,5,"$25.700,00","$128.500,00"
1022,45,1022,1,"$56.200,00","$56.200,00"
1023,37,1023,6,"$17.400,00","$104.400,00"
1024,18,1024,4,"$23.500,00","$94.000,00"
1025,34,1025,1,"$8.990,00","$8.990,00"
1026,11,1026,3,"$22.700,00","$68.100,00"
1027,25,1027,2,"$22.300,00","$44.600,00"
1028,40,1028,5,"$28.300,00","$141.500,00"
1029,21,1029,1,"$27.600,00","$27.600,00"
1030,36,1030,6,"$18.000,00","$108.000,00"
1031,30,1031,4,"$14.400,00","$57.600,00"
1032,3,1032,1,"$58.900,00","$58.900,00"
1033,13,1033,5,"$9.200,00","$46.000,00"
1034,27,1034,3,"$16.800,00","$50.400,00"
1035,1,1035,1,"$8.990,00","$8.990,00"
1036,16,1036,4,"$11.500,00","$46.000,00"
1037,22,1037,6,"$12.900,00","$77.400,00"
1038,17,1038,1,"$26.900,00","$26.900,00"
1039,5,1039,5,"$39.900,00","$199.500,00"
1040,24,1040,2,"$29.500,00","$59.000,00"
1041,20,1041,3,"$24.900,00","$74.700,00"
1042,43,1042,1,"$75.800,00","$75.800,00"
1043,31,1043,4,"$18.600,00","$74.400,00"
1044,28,1044,5,"$7.900,00","$39.500,00"
1045,32,1045,1,"$49.800,00","$49.800,00"
1046,14,1046,3,"$8.700,00","$26.100,00"
1047,26,1047,6,"$41.700,00","$250.200,00"
1048,2,1048,1,"$21.500,00","$21.500,00"
1049,38,1049,4,"$72.500,00","$290.000,00"
1050,29,1050,5,"$19.900,00","$99.500,00"
1051,42,1051,1,"$11.900,00","$11.900,00"
1052,10,1052,6,"$10.500,00","$63.000,00"
1053,12,1053,1,"$32.800,00","$32.800,00"
1054,33,1054,4,"$27.400,00","$109.600,00"
1055,39,1055,5,"$15.500,00","$77.500,00"
1056,47,1056,1,"$88.100,00","$88.100,00"
1057,41,1057,3,"$42.700,00","$128.100,00"
1058,18,1058,6,"$23.500,00","$141.000,00"
1059,23,1059,4,"$35.400,00","$141.600,00"
1060,45,1060,1,"$56.200,00","$56.200,00"
1061,35,1061,5,"$25.800,00","$129.000,00"
1062,34,1062,1,"$8.990,00","$8.990,00"
1063,37,1063,3,"$17.400,00","$52.200,00"
1064,40,1064,6,"$28.300,00","$169.800,00"
1065,19,1065,1,"$67.200,00","$67.200,00"
1066,36,1066,4,"$18.000,00","$72.000,00"
1067,4,1067,5,"$25.700,00","$128.500,00"
1068,30,1068,1,"$14.400,00","$14.400,00"
1069,25,1069,3,"$22.300,00","$66.900,00"
1070,17,1070,6,"$26.900,00","$161.400,00"
1071,1,1071,1,"$8.990,00","$8.990,00"
1072,22,1072,4,"$12.900,00","$51.600,00"
1073,13,1073,5,"$9.200,00","$46.000,00"
1074,27,1074,1,"$16.800,00","$16.800,00"
1075,15,1075,3,"$46.300,00","$138.900,00"
1076,11,1076,6,"$22.700,00","$136.200,00"
1077,5,1077,1,"$39.900,00","$39.900,00"
1078,21,1078,4,"$27.600,00","$110.400,00"
1079,24,1079,5,"$29.500,00","$147.500,00"
1080,26,1080,1,"$41.700,00","$41.700,00"
1081,20,1081,3,"$24.900,00","$74.700,00"
1082,38,1082,6,"$72.500,00","$435.000,00"
1083,14,1083,1,"$8.700,00","$8.700,00"
1084,33,1084,4,"$27.400,00","$109.600,00"
1085,16,1085,5,"$11.500,00","$57.500,00"
1086,3,1086,1,"$58.900,00","$58.900,00"
1087,32,1087,3,"$49.800,00","$149.400,00"
1088,43,1088,4,"$75.800,00","$303.200,00"
1089,2,1089,1,"$21.500,00","$21.500,00"
1090,28,1090,5,"$7.900,00","$39.500,00"
1091,42,1091,6,"$11.900,00","$71.400,00"
1092,12,1092,1,"$32.800,00","$32.800,00"
1093,8,1093,4,"$16.400,00","$65.600,00"
1094,47,1094,5,"$88.100,00","$440.500,00"
1095,31,1095,1,"$18.600,00","$18.600,00"
1096,39,1096,2,"$15.500,00","$31.000,00"
1097,29,1097,3,"$19.900,00","$59.700,00"
1098,18,1098,6,"$23.500,00","$141.000,00"
1099,35,1099,1,"$25.800,00","$25.800,00"
1100,41,1100,4,"$42.700,00","$170.800,00"
1101,40,1101,5,"$28.300,00","$141.500,00"
1102,10,1102,1,"$10.500,00","$10.500,00"
1103,34,1103,3,"$8.990,00","$26.970,00"
1104,23,1104,6,"$35.400,00","$212.400,00"
1105,45,1105,1,"$56.200,00","$56.200,00"
1106,37,1106,4,"$17.400,00","$69.600,00"
1107,25,1107,5,"$22.300,00","$111.500,00"
1108,19,1108,1,"$67.200,00","$67.200,00"
1109,36,1109,2,"$18.000,00","$36.000,00"
1110,13,1110,6,"$9.200,00","$55.200,00"
1111,27,1111,1,"$16.800,00","$16.800,00"
1112,22,1112,4,"$12.900,00","$51.600,00"
1113,15,1113,5,"$46.300,00","$231.500,00"
1114,24,1114,1,"$29.500,00","$29.500,00"
1115,11,1115,3,"$22.700,00","$68.100,00"
1116,4,1116,6,"$25.700,00","$154.200,00"
1117,30,1117,1,"$14.400,00","$14.400,00"
1118,17,1118,5,"$26.900,00","$134.500,00"
1119,2,1119,4,"$21.500,00","$86.000,00"
1120,28,1120,1,"$7.900,00","$7.900,00"
1121,26,1121,3,"$41.700,00","$125.100,00"
1122,1,1122,6,"$8.990,00","$53.940,00"
1123,32,1123,1,"$49.800,00","$49.800,00"
1124,38,1124,5,"$72.500,00","$362.500,00"
1125,33,1125,4,"$27.400,00","$109.600,00"
1126,5,1126,1,"$39.900,00","$39.900,00"
1127,14,1127,3,"$8.700,00","$26.100,00"
1128,42,1128,6,"$11.900,00","$71.400,00"
1129,20,1129,1,"$24.900,00","$24.900,00"
1130,12,1130,5,"$32.800,00","$164.000,00"
1131,21,1131,4,"$27.600,00","$110.400,00"
1132,35,1132,1,"$25.800,00","$25.800,00"
1133,43,1133,3,"$75.800,00","$227.400,00"
1134,18,1134,6,"$23.500,00","$141.000,00"
1135,34,1135,1,"$8.990,00","$8.990,00"
1136,29,1136,5,"$19.900,00","$99.500,00"
1137,39,1137,4,"$15.500,00","$62.000,00"
1138,23,1138,1,"$35.400,00","$35.400,00"
1139,41,1139,2,"$42.700,00","$85.400,00"
1140,40,1140,5,"$28.300,00","$141.500,00"
1141,3,1141,6,"$58.900,00","$353.400,00"
1142,36,1142,1,"$18.000,00","$18.000,00"
1143,17,1143,4,"$26.900,00","$107.600,00"
1144,25,1144,5,"$22.300,00","$111.500,00"
1145,15,1145,1,"$46.300,00","$46.300,00"
1146,19,1146,3,"$67.200,00","$201.600,00"
1147,22,1147,6,"$12.900,00","$77.400,00"
1148,27,1148,1,"$16.800,00","$16.800,00"
1149,45,1149,4,"$56.200,00","$224.800,00"
1150,47,1150,5,"$88.100,00","$440.500,00"
1151,13,1151,1,"$9.200,00","$9.200,00"
1152,30,1152,3,"$14.400,00","$43.200,00"
1153,24,1153,4,"$29.500,00","$118.000,00"
1154,10,1154,1,"$10.500,00","$10.500,00"
1155,16,1155,5,"$11.500,00","$57.500,00"
1156,1,1156,2,"$8.990,00","$17.980,00"
1157,2,1157,6,"$21.500,00","$129.000,00"
1158,4,1158,1,"$25.700,00","$25.700,00"
1159,31,1159,3,"$18.600,00","$55.800,00"
1160,33,1160,4,"$27.400,00","$109.600,00"
1161,37,1161,5,"$17.400,00","$87.000,00"
1162,25,1162,3,"$22.300,00","$66.900,00"
1163,17,1163,3,"$26.900,00","$80.700,00"
1164,1,1164,2,"$8.990,00","$17.980,00"
1165,22,1165,1,"$12.900,00","$12.900,00"
1166,13,1166,4,"$9.200,00","$36.800,00"
1167,27,1167,2,"$16.800,00","$33.600,00"
1168,15,1168,5,"$46.300,00","$231.500,00"
1169,11,1169,4,"$22.700,00","$90.800,00"
1170,5,1170,6,"$39.900,00","$239.400,00"
1171,21,1171,1,"$27.600,00","$27.600,00"
1172,24,1172,2,"$29.500,00","$59.000,00"
1173,26,1173,3,"$41.700,00","$125.100,00"
1174,20,1174,5,"$24.900,00","$124.500,00"
1175,38,1175,3,"$72.500,00","$217.500,00"
1176,14,1176,6,"$8.700,00","$52.200,00"
1177,33,1177,1,"$27.400,00","$27.400,00"
1178,16,1178,4,"$11.500,00","$46.000,00"
1179,3,1179,5,"$58.900,00","$294.500,00"
1180,32,1180,3,"$49.800,00","$149.400,00"
1181,43,1181,1,"$75.800,00","$75.800,00"
1182,2,1182,5,"$21.500,00","$107.500,00"
1183,28,1183,6,"$7.900,00","$47.400,00"
1184,42,1184,4,"$11.900,00","$47.600,00"
1185,12,1185,5,"$32.800,00","$164.000,00"
1186,8,1186,2,"$16.400,00","$32.800,00"
1187,47,1187,4,"$88.100,00","$352.400,00"
1188,31,1188,3,"$18.600,00","$55.800,00"
1189,39,1189,1,"$15.500,00","$15.500,00"
1190,29,1190,5,"$19.900,00","$99.500,00"
1191,18,1191,6,"$23.500,00","$141.000,00"
1192,35,1192,4,"$25.800,00","$103.200,00"
1193,41,1193,1,"$42.700,00","$42.700,00"
1194,40,1194,6,"$28.300,00","$169.800,00"
1195,10,1195,6,"$10.500,00","$63.000,00"
1196,34,1196,1,"$8.990,00","$8.990,00"
1197,23,1197,4,"$35.400,00","$141.600,00"
1198,45,1198,2,"$56.200,00","$112.400,00"
1199,37,1199,5,"$17.400,00","$87.000,00"
1200,25,1200,3,"$22.300,00","$66.900,00"
1201,26,1201,6,"$41.700,00","$250.200,00"
1202,20,1202,1,"$24.900,00","$24.900,00"
1203,38,1203,4,"$72.500,00","$290.000,00"
1204,14,1204,3,"$8.700,00","$26.100,00"
1205,33,1205,1,"$27.400,00","$27.400,00"
1206,16,1206,4,"$11.500,00","$46.000,00"
1207,3,1207,2,"$58.900,00","$117.800,00"
1208,32,1208,4,"$49.800,00","$199.200,00"
1209,43,1209,1,"$75.800,00","$75.800,00"
1210,2,1210,6,"$21.500,00","$129.000,00"
1211,28,1211,3,"$7.900,00","$23.700,00"
1212,32,1212,1,"$49.800,00","$49.800,00"
1213,43,1213,5,"$75.800,00","$379.000,00"
1214,2,1214,6,"$21.500,00","$129.000,00"
1215,28,1215,2,"$7.900,00","$15.800,00"
1216,38,1216,1,"$72.500,00","$72.500,00"
1217,14,1217,6,"$8.700,00","$52.200,00"
1218,33,1218,4,"$27.400,00","$109.600,00"
1219,16,1219,3,"$11.500,00","$34.500,00"
1220,3,1220,5,"$58.900,00","$294.500,00"
1221,32,1221,6,"$49.800,00","$298.800,00"
1222,43,1222,1,"$75.800,00","$75.800,00"
1223,2,1223,4,"$21.500,00","$86.000,00"
1224,28,1224,1,"$7.900,00","$7.900,00"
1225,42,1225,3,"$11.900,00","$35.700,00"
1226,12,1226,4,"$32.800,00","$131.200,00"
1227,8,1227,5,"$16.400,00","$82.000,00"
1228,47,1228,2,"$88.100,00","$176.200,00"
1229,31,1229,3,"$18.600,00","$55.800,00"
1230,39,1230,1,"$15.500,00","$15.500,00"
1231,29,1231,6,"$19.900,00","$119.400,00"
1232,18,1232,1,"$23.500,00","$23.500,00"
1233,35,1233,5,"$25.800,00","$129.000,00"
1234,32,1234,2,"$49.800,00","$99.600,00"
1235,43,1235,6,"$75.800,00","$454.800,00"
1236,2,1236,4,"$21.500,00","$86.000,00"
1237,28,1237,1,"$7.900,00","$7.900,00"
1238,38,1238,1,"$72.500,00","$72.500,00"
1239,14,1239,3,"$8.700,00","$26.100,00"
1240,33,1240,4,"$27.400,00","$109.600,00"
1241,16,1241,1,"$11.500,00","$11.500,00"
1242,3,1242,5,"$58.900,00","$294.500,00"
1243,32,1243,2,"$49.800,00","$99.600,00"
1244,43,1244,5,"$75.800,00","$379.000,00"
1245,3,1245,3,"$58.900,00","$176.700,00"
1246,32,1246,1,"$49.800,00","$49.800,00"
1247,43,1247,6,"$75.800,00","$454.800,00"
1248,2,1248,4,"$21.500,00","$86.000,00"
1249,28,1249,6,"$7.900,00","$47.400,00"
1250,42,1250,2,"$11.900,00","$23.800,00"
1251,12,1251,3,"$32.800,00","$98.400,00"
1252,8,1252,1,"$16.400,00","$16.400,00"
1253,47,1253,6,"$88.100,00","$528.600,00"
1254,31,1254,5,"$18.600,00","$93.000,00"
1255,39,1255,1,"$15.500,00","$15.500,00"
1256,29,1256,1,"$19.900,00","$19.900,00"
1257,18,1257,4,"$23.500,00","$94.000,00"
1258,35,1258,2,"$25.800,00","$51.600,00"
1259,32,1259,5,"$49.800,00","$249.000,00"
1260,25,1260,6,"$22.300,00","$133.800,00"
1261,5,1261,1,"$39.900,00","$39.900,00"
1262,25,1262,4,"$22.300,00","$89.200,00"
1263,15,1263,5,"$46.300,00","$231.500,00"
1264,2,1264,1,"$21.500,00","$21.500,00"
1265,3,1265,3,"$58.900,00","$176.700,00"
1266,31,1266,6,"$18.600,00","$111.600,00"
1267,19,1267,5,"$67.200,00","$336.000,00"
1268,29,1268,1,"$19.900,00","$19.900,00"
1269,28,1269,2,"$7.900,00","$15.800,00"
1270,32,1270,1,"$49.800,00","$49.800,00"
1271,30,1271,4,"$14.400,00","$57.600,00"
1272,20,1272,5,"$24.900,00","$124.500,00"
1273,15,1273,4,"$46.300,00","$185.200,00"
1274,47,1274,6,"$88.100,00","$528.600,00"
1275,23,1275,1,"$35.400,00","$35.400,00"
1276,22,1276,2,"$12.900,00","$25.800,00"
1277,37,1277,3,"$17.400,00","$52.200,00"
1278,4,1278,6,"$25.700,00","$154.200,00"
1279,34,1279,1,"$8.990,00","$8.990,00"
1280,20,1280,5,"$24.900,00","$124.500,00"
1281,26,1281,1,"$41.700,00","$41.700,00"
1282,29,1282,2,"$19.900,00","$39.800,00"
1283,45,1283,5,"$56.200,00","$281.000,00"
1284,8,1284,3,"$16.400,00","$49.200,00"
1285,3,1285,4,"$58.900,00","$235.600,00"
1286,11,1286,5,"$22.700,00","$113.500,00"
1287,16,1287,1,"$11.500,00","$11.500,00"
1288,30,1288,4,"$14.400,00","$57.600,00"
1289,15,1289,4,"$46.300,00","$185.200,00"
1290,22,1290,1,"$12.900,00","$12.900,00"
1291,25,1291,6,"$22.300,00","$133.800,00"
1292,34,1292,2,"$8.990,00","$17.980,00"
1293,45,1293,5,"$56.200,00","$281.000,00"
1294,33,1294,6,"$27.400,00","$164.400,00"
1295,27,1295,3,"$16.800,00","$50.400,00"
1296,18,1296,1,"$23.500,00","$23.500,00"
1297,42,1297,4,"$11.900,00","$47.600,00"
1298,36,1298,2,"$18.000,00","$36.000,00"
1299,39,1299,5,"$15.500,00","$77.500,00"
1300,1,1300,6,"$8.990,00","$53.940,00"
1301,23,1301,1,"$35.400,00","$35.400,00"
1302,35,1302,5,"$25.800,00","$129.000,00"
1303,13,1303,6,"$9.200,00","$55.200,00"
1304,29,1304,1,"$19.900,00","$19.900,00"
1305,40,1305,4,"$28.300,00","$113.200,00"
1306,19,1306,4,"$67.200,00","$268.800,00"
1307,2,1307,1,"$21.500,00","$21.500,00"
1308,4,1308,3,"$25.700,00","$77.100,00"
1309,41,1309,5,"$42.700,00","$213.500,00"
1310,47,1310,2,"$88.100,00","$176.200,00"
1311,24,1311,3,"$29.500,00","$88.500,00"
1312,28,1312,6,"$7.900,00","$47.400,00"
1313,5,1313,1,"$39.900,00","$39.900,00"
1314,32,1314,2,"$49.800,00","$99.600,00"
1315,31,1315,5,"$18.600,00","$93.000,00"
1316,20,1316,4,"$24.900,00","$99.600,00"
1317,14,1317,6,"$8.700,00","$52.200,00"
1318,10,1318,1,"$10.500,00","$10.500,00"
1319,12,1319,3,"$32.800,00","$98.400,00"
1320,26,1320,5,"$41.700,00","$208.500,00"
1321,38,1321,2,"$72.500,00","$145.000,00"
1322,17,1322,1,"$26.900,00","$26.900,00"
1323,25,1323,6,"$22.300,00","$133.800,00"
1324,8,1324,3,"$16.400,00","$49.200,00"
1325,43,1325,4,"$75.800,00","$303.200,00"
1326,21,1326,5,"$27.600,00","$138.000,00"
1327,11,1327,1,"$22.700,00","$22.700,00"
1328,16,1328,6,"$11.500,00","$69.000,00"
1329,40,1329,2,"$28.300,00","$56.600,00"
1330,33,1330,1,"$27.400,00","$27.400,00"
1331,13,1331,4,"$9.200,00","$36.800,00"
1332,37,1332,5,"$17.400,00","$87.000,00"
1333,22,1333,3,"$12.900,00","$38.700,00"
1334,34,1334,6,"$8.990,00","$53.940,00"
1335,3,1335,1,"$58.900,00","$58.900,00"
1336,18,1336,4,"$23.500,00","$94.000,00"
1337,29,1337,1,"$19.900,00","$19.900,00"
1338,23,1338,5,"$35.400,00","$177.000,00"
1339,36,1339,3,"$18.000,00","$54.000,00"
1340,35,1340,4,"$25.800,00","$103.200,00"
1341,15,1341,1,"$46.300,00","$46.300,00"
1342,12,1342,2,"$32.800,00","$65.600,00"
1343,42,1343,6,"$11.900,00","$71.400,00"
1344,17,1344,1,"$26.900,00","$26.900,00"
1345,20,1345,5,"$24.900,00","$124.500,00"
1346,26,1346,1,"$41.700,00","$41.700,00"
1347,38,1347,4,"$72.500,00","$290.000,00"
1348,31,1348,5,"$18.600,00","$93.000,00"
1349,4,1349,2,"$25.700,00","$51.400,00"
1350,10,1350,6,"$10.500,00","$63.000,00"
1351,24,1351,3,"$29.500,00","$88.500,00"
1352,41,1352,1,"$42.700,00","$42.700,00"
1353,47,1353,5,"$88.100,00","$440.500,00"
1354,14,1354,4,"$8.700,00","$34.800,00"
1355,32,1355,1,"$49.800,00","$49.800,00"
1356,2,1356,6,"$21.500,00","$129.000,00"
1357,19,1357,3,"$67.200,00","$201.600,00"
1358,28,1358,1,"$7.900,00","$7.900,00"
1359,1,1359,4,"$8.990,00","$35.960,00"
1360,39,1360,5,"$15.500,00","$77.500,00"
1361,33,1361,2,"$27.400,00","$54.800,00"
1362,8,1362,6,"$16.400,00","$98.400,00"
1363,45,1363,1,"$56.200,00","$56.200,00"
1364,30,1364,4,"$14.400,00","$57.600,00"
1365,21,1365,5,"$27.600,00","$138.000,00"
1366,36,1366,1,"$18.000,00","$18.000,00"
1367,13,1367,3,"$9.200,00","$27.600,00"
1368,16,1368,5,"$11.500,00","$57.500,00"
1369,25,1369,2,"$22.300,00","$44.600,00"
1370,5,1370,6,"$39.900,00","$239.400,00"
1371,40,1371,3,"$28.300,00","$84.900,00"
1372,11,1372,1,"$22.700,00","$22.700,00"
1373,37,1373,4,"$17.400,00","$69.600,00"
1374,34,1374,5,"$8.990,00","$44.950,00"
1375,35,1375,2,"$25.800,00","$51.600,00"
1376,22,1376,6,"$12.900,00","$77.400,00"
1377,43,1377,1,"$75.800,00","$75.800,00"
1378,18,1378,3,"$23.500,00","$70.500,00"
1379,3,1379,4,"$58.900,00","$235.600,00"
1380,27,1380,1,"$16.800,00","$16.800,00"
1381,23,1381,5,"$35.400,00","$177.000,00"
1382,20,1382,1,"$24.900,00","$24.900,00"
1383,14,1383,2,"$8.700,00","$17.400,00"
1384,26,1384,6,"$41.700,00","$250.200,00"
1385,29,1385,4,"$19.900,00","$79.600,00"
1386,42,1386,5,"$11.900,00","$59.500,00"
1387,32,1387,3,"$49.800,00","$149.400,00"
1388,2,1388,1,"$21.500,00","$21.500,00"
1389,17,1389,4,"$26.900,00","$107.600,00"
1390,10,1390,5,"$10.500,00","$52.500,00"
1391,38,1391,1,"$72.500,00","$72.500,00"
1392,31,1392,5,"$18.600,00","$93.000,00"
1393,12,1393,6,"$32.800,00","$196.800,00"
1394,19,1394,3,"$67.200,00","$201.600,00"
1395,24,1395,1,"$29.500,00","$29.500,00"
1396,4,1396,4,"$25.700,00","$102.800,00"
1397,47,1397,5,"$88.100,00","$440.500,00"
1398,8,1398,2,"$16.400,00","$32.800,00"
1399,41,1399,6,"$42.700,00","$256.200,00"
1400,33,1400,1,"$27.400,00","$27.400,00"
1401,15,1401,4,"$46.300,00","$185.200,00"
1402,1,1402,5,"$8.990,00","$44.950,00"
1403,45,1403,3,"$56.200,00","$168.600,00"
1404,39,1404,1,"$15.500,00","$15.500,00"
1405,37,1405,2,"$17.400,00","$34.800,00"
1406,18,1406,6,"$23.500,00","$141.000,00"
1407,36,1407,1,"$18.000,00","$18.000,00"
1408,25,1408,4,"$22.300,00","$89.200,00"
1409,35,1409,5,"$25.800,00","$129.000,00"
1410,34,1410,1,"$8.990,00","$8.990,00"
1411,23,1411,5,"$35.400,00","$177.000,00"
1412,30,1412,3,"$14.400,00","$43.200,00"
1413,27,1413,6,"$16.800,00","$100.800,00"
1414,11,1414,1,"$22.700,00","$22.700,00"
1415,22,1415,4,"$12.900,00","$51.600,00"
1416,13,1416,5,"$9.200,00","$46.000,00"
1417,40,1417,1,"$28.300,00","$28.300,00"
1418,16,1418,3,"$11.500,00","$34.500,00"
1419,20,1419,2,"$24.900,00","$49.800,00"
1420,5,1420,4,"$39.900,00","$159.600,00"
1421,26,1421,5,"$41.700,00","$208.500,00"
1422,3,1422,1,"$58.900,00","$58.900,00"
1423,17,1423,6,"$26.900,00","$161.400,00"
1424,43,1424,4,"$75.800,00","$303.200,00"
1425,32,1425,3,"$49.800,00","$149.400,00"
1426,29,1426,1,"$19.900,00","$19.900,00"
1427,42,1427,5,"$11.900,00","$59.500,00"
1428,14,1428,2,"$8.700,00","$17.400,00"
1429,31,1429,6,"$18.600,00","$111.600,00"
1430,2,1430,1,"$21.500,00","$21.500,00"
1431,38,1431,4,"$72.500,00","$290.000,00"
1432,12,1432,5,"$32.800,00","$164.000,00"
1433,28,1433,3,"$7.900,00","$23.700,00"
1434,41,1434,2,"$42.700,00","$85.400,00"
1435,10,1435,1,"$10.500,00","$10.500,00"
1436,24,1436,6,"$29.500,00","$177.000,00"
1437,39,1437,4,"$15.500,00","$62.000,00"
1438,47,1438,5,"$88.100,00","$440.500,00"
1439,35,1439,1,"$25.800,00","$25.800,00"
1440,19,1440,4,"$67.200,00","$268.800,00"
1441,15,1441,3,"$46.300,00","$138.900,00"
1442,33,1442,1,"$27.400,00","$27.400,00"
1443,23,1443,2,"$35.400,00","$70.800,00"
1444,4,1444,5,"$25.700,00","$128.500,00"
1445,45,1445,6,"$56.200,00","$337.200,00"
1446,37,1446,1,"$17.400,00","$17.400,00"
1447,18,1447,4,"$23.500,00","$94.000,00"
1448,34,1448,5,"$8.990,00","$44.950,00"
1449,11,1449,1,"$22.700,00","$22.700,00"
1450,25,1450,3,"$22.300,00","$66.900,00"
1451,40,1451,6,"$28.300,00","$169.800,00"
1452,21,1452,1,"$27.600,00","$27.600,00"
1453,36,1453,5,"$18.000,00","$90.000,00"
1454,30,1454,4,"$14.400,00","$57.600,00"
1455,3,1455,2,"$58.900,00","$117.800,00"
1456,13,1456,6,"$9.200,00","$55.200,00"
1457,27,1457,1,"$16.800,00","$16.800,00"
1458,1,1458,4,"$8.990,00","$35.960,00"
1459,16,1459,5,"$11.500,00","$57.500,00"
1460,22,1460,1,"$12.900,00","$12.900,00"
1461,17,1461,3,"$26.900,00","$80.700,00"
1462,5,1462,6,"$39.900,00","$239.400,00"
1463,24,1463,1,"$29.500,00","$29.500,00"
1464,20,1464,4,"$24.900,00","$99.600,00"
1465,43,1465,5,"$75.800,00","$379.000,00"
1466,31,1466,1,"$18.600,00","$18.600,00"
1467,28,1467,6,"$7.900,00","$47.400,00"
1468,32,1468,2,"$49.800,00","$99.600,00"
1469,14,1469,3,"$8.700,00","$26.100,00"
1470,26,1470,1,"$41.700,00","$41.700,00"
1471,2,1471,5,"$21.500,00","$107.500,00"
1472,38,1472,4,"$72.500,00","$290.000,00"
1473,29,1473,1,"$19.900,00","$19.900,00"
1474,42,1474,6,"$11.900,00","$71.400,00"
1475,10,1475,4,"$10.500,00","$42.000,00"
1476,12,1476,5,"$32.800,00","$164.000,00"
1477,33,1477,1,"$27.400,00","$27.400,00"
1478,39,1478,3,"$15.500,00","$46.500,00"
1479,47,1479,4,"$88.100,00","$352.400,00"
1480,41,1480,1,"$42.700,00","$42.700,00"
1481,18,1481,5,"$23.500,00","$117.500,00"
1482,23,1482,1,"$35.400,00","$35.400,00"
1483,45,1483,2,"$56.200,00","$112.400,00"
1484,35,1484,6,"$25.800,00","$154.800,00"
1485,34,1485,1,"$8.990,00","$8.990,00"
1486,37,1486,5,"$17.400,00","$87.000,00"
1487,40,1487,4,"$28.300,00","$113.200,00"
1488,19,1488,1,"$67.200,00","$67.200,00"
1489,36,1489,2,"$18.000,00","$36.000,00"
1490,4,1490,6,"$25.700,00","$154.200,00"
1491,30,1491,3,"$14.400,00","$43.200,00"
1492,25,1492,1,"$22.300,00","$22.300,00"
1493,17,1493,5,"$26.900,00","$134.500,00"
1494,1,1494,4,"$8.990,00","$35.960,00"
1495,22,1495,5,"$12.900,00","$64.500,00"
1496,13,1496,1,"$9.200,00","$9.200,00"
1497,27,1497,2,"$16.800,00","$33.600,00"
1498,15,1498,6,"$46.300,00","$277.800,00"
1499,11,1499,1,"$22.700,00","$22.700,00"
1500,5,1500,4,"$39.900,00","$159.600,00"
1501,21,1501,5,"$27.600,00","$138.000,00"
1502,24,1502,1,"$29.500,00","$29.500,00"
1503,26,1503,3,"$41.700,00","$125.100,00"
1504,20,1504,6,"$24.900,00","$149.400,00"
1505,38,1505,1,"$72.500,00","$72.500,00"
1506,14,1506,4,"$8.700,00","$34.800,00"
1507,33,1507,5,"$27.400,00","$137.000,00"
1508,16,1508,1,"$11.500,00","$11.500,00"
1509,3,1509,2,"$58.900,00","$117.800,00"
1510,32,1510,6,"$49.800,00","$298.800,00"
1511,43,1511,1,"$75.800,00","$75.800,00"
1512,2,1512,3,"$21.500,00","$64.500,00"
1513,28,1513,4,"$7.900,00","$31.600,00"
1514,42,1514,5,"$11.900,00","$59.500,00"
1515,12,1515,1,"$32.800,00","$32.800,00"
1516,8,1516,4,"$16.400,00","$65.600,00"
1517,47,1517,5,"$88.100,00","$440.500,00"
1518,31,1518,1,"$18.600,00","$18.600,00"
1519,39,1519,3,"$15.500,00","$46.500,00"
1520,29,1520,6,"$19.900,00","$119.400,00"
1521,18,1521,1,"$23.500,00","$23.500,00"
1522,35,1522,4,"$25.800,00","$103.200,00"
1523,41,1523,5,"$42.700,00","$213.500,00"
1524,40,1524,1,"$28.300,00","$28.300,00"
1525,10,1525,2,"$10.500,00","$21.000,00"
1526,34,1526,6,"$8.990,00","$53.940,00"
1527,23,1527,4,"$35.400,00","$141.600,00"
1528,45,1528,5,"$56.200,00","$281.000,00"
1529,37,1529,1,"$17.400,00","$17.400,00"
1530,25,1530,3,"$22.300,00","$66.900,00"
1531,19,1531,1,"$67.200,00","$67.200,00"
1532,36,1532,5,"$18.000,00","$90.000,00"
1533,13,1533,4,"$9.200,00","$36.800,00"
1534,27,1534,2,"$16.800,00","$33.600,00"
1535,22,1535,1,"$12.900,00","$12.900,00"
1536,15,1536,6,"$46.300,00","$277.800,00"
1537,24,1537,5,"$29.500,00","$147.500,00"
1538,11,1538,3,"$22.700,00","$68.100,00"
1539,4,1539,1,"$25.700,00","$25.700,00"
1540,30,1540,4,"$14.400,00","$57.600,00"
1541,17,1541,2,"$26.900,00","$53.800,00"
1542,2,1542,3,"$21.500,00","$64.500,00"
1543,28,1543,1,"$7.900,00","$7.900,00"
1544,26,1544,4,"$41.700,00","$166.800,00"
1545,1,1545,5,"$8.990,00","$44.950,00"
1546,32,1546,1,"$49.800,00","$49.800,00"
1547,38,1547,6,"$72.500,00","$435.000,00"
1548,33,1548,1,"$27.400,00","$27.400,00"
1549,5,1549,4,"$39.900,00","$159.600,00"
1550,14,1550,5,"$8.700,00","$43.500,00"
1551,42,1551,1,"$11.900,00","$11.900,00"
1552,20,1552,3,"$24.900,00","$74.700,00"
1553,12,1553,6,"$32.800,00","$196.800,00"
1554,21,1554,1,"$27.600,00","$27.600,00"
1555,35,1555,4,"$25.800,00","$103.200,00"
1556,43,1556,5,"$75.800,00","$379.000,00"
1557,18,1557,1,"$23.500,00","$23.500,00"
1558,34,1558,3,"$8.990,00","$26.970,00"
1559,29,1559,4,"$19.900,00","$79.600,00"
1560,39,1560,1,"$15.500,00","$15.500,00"
1561,23,1561,5,"$35.400,00","$177.000,00"
1562,41,1562,6,"$42.700,00","$256.200,00"
1563,40,1563,1,"$28.300,00","$28.300,00"
1564,3,1564,4,"$58.900,00","$235.600,00"
1565,36,1565,2,"$18.000,00","$36.000,00"
1566,17,1566,5,"$26.900,00","$134.500,00"
1567,25,1567,1,"$22.300,00","$22.300,00"
1568,15,1568,3,"$46.300,00","$138.900,00"
1569,19,1569,6,"$67.200,00","$403.200,00"
1570,22,1570,1,"$12.900,00","$12.900,00"
1571,27,1571,4,"$16.800,00","$67.200,00"
1572,45,1572,5,"$56.200,00","$281.000,00"
1573,47,1573,1,"$88.100,00","$88.100,00"
1574,13,1574,2,"$9.200,00","$18.400,00"
1575,30,1575,6,"$14.400,00","$86.400,00"
1576,24,1576,4,"$29.500,00","$118.000,00"
1577,10,1577,1,"$10.500,00","$10.500,00"
1578,16,1578,3,"$11.500,00","$34.500,00"
1579,1,1579,5,"$8.990,00","$44.950,00"
1580,2,1580,1,"$21.500,00","$21.500,00"
1581,4,1581,6,"$25.700,00","$154.200,00"
1582,31,1582,4,"$18.600,00","$74.400,00"
1583,33,1583,1,"$27.400,00","$27.400,00"
1584,37,1584,3,"$17.400,00","$52.200,00"
1585,25,1585,2,"$22.300,00","$44.600,00"
1586,17,1586,5,"$26.900,00","$134.500,00"
1587,1,1587,1,"$8.990,00","$8.990,00"
1588,22,1588,6,"$12.900,00","$77.400,00"
1589,13,1589,4,"$9.200,00","$36.800,00"
1590,27,1590,1,"$16.800,00","$16.800,00"
1591,15,1591,5,"$46.300,00","$231.500,00"
1592,11,1592,3,"$22.700,00","$68.100,00"
1593,5,1593,1,"$39.900,00","$39.900,00"
1594,21,1594,4,"$27.600,00","$110.400,00"
1595,24,1595,6,"$29.500,00","$177.000,00"
1596,26,1596,1,"$41.700,00","$41.700,00"
1597,20,1597,5,"$24.900,00","$124.500,00"
1598,38,1598,2,"$72.500,00","$145.000,00"
1599,14,1599,3,"$8.700,00","$26.100,00"
1600,33,1600,1,"$27.400,00","$27.400,00"
1601,16,1601,4,"$11.500,00","$46.000,00"
1602,3,1602,5,"$58.900,00","$294.500,00"
1603,32,1603,1,"$49.800,00","$49.800,00"
1604,43,1604,3,"$75.800,00","$227.400,00"
1605,2,1605,6,"$21.500,00","$129.000,00"
1606,28,1606,1,"$7.900,00","$7.900,00"
1607,42,1607,4,"$11.900,00","$47.600,00"
1608,12,1608,5,"$32.800,00","$164.000,00"
1609,8,1609,1,"$16.400,00","$16.400,00"
1610,47,1610,6,"$88.100,00","$528.600,00"
1611,31,1611,1,"$18.600,00","$18.600,00"
1612,39,1612,4,"$15.500,00","$62.000,00"
1613,29,1613,5,"$19.900,00","$99.500,00"
1614,18,1614,1,"$23.500,00","$23.500,00"
1615,35,1615,3,"$25.800,00","$77.400,00"
1616,41,1616,6,"$42.700,00","$256.200,00"
1617,40,1617,4,"$28.300,00","$113.200,00"
1618,10,1618,1,"$10.500,00","$10.500,00"
1619,34,1619,5,"$8.990,00","$44.950,00"
1620,23,1620,1,"$35.400,00","$35.400,00"
1621,45,1621,3,"$56.200,00","$168.600,00"
1622,37,1622,6,"$17.400,00","$104.400,00"
1623,25,1623,1,"$22.300,00","$22.300,00"
1624,26,1624,4,"$41.700,00","$166.800,00"
1625,20,1625,5,"$24.900,00","$124.500,00"
1626,38,1626,1,"$72.500,00","$72.500,00"
1627,14,1627,3,"$8.700,00","$26.100,00"
1628,33,1628,6,"$27.400,00","$164.400,00"
1629,16,1629,1,"$11.500,00","$11.500,00"
1630,3,1630,4,"$58.900,00","$235.600,00"
1631,32,1631,5,"$49.800,00","$249.000,00"
1632,43,1632,1,"$75.800,00","$75.800,00"
1633,2,1633,3,"$21.500,00","$64.500,00"
1634,28,1634,6,"$7.900,00","$47.400,00"
1635,32,1635,1,"$49.800,00","$49.800,00"
1636,43,1636,4,"$75.800,00","$303.200,00"
1637,2,1637,5,"$21.500,00","$107.500,00"
1638,28,1638,1,"$7.900,00","$7.900,00"
1639,38,1639,3,"$72.500,00","$217.500,00"
1640,14,1640,6,"$8.700,00","$52.200,00"
1641,33,1641,1,"$27.400,00","$27.400,00"
1642,16,1642,4,"$11.500,00","$46.000,00"
1643,3,1643,5,"$58.900,00","$294.500,00"
1644,32,1644,1,"$49.800,00","$49.800,00"
1645,43,1645,3,"$75.800,00","$227.400,00"
1646,2,1646,4,"$21.500,00","$86.000,00"
1647,28,1647,1,"$7.900,00","$7.900,00"
1648,42,1648,5,"$11.900,00","$59.500,00"
1649,12,1649,6,"$32.800,00","$196.800,00"
1650,8,1650,1,"$16.400,00","$16.400,00"
1651,47,1651,4,"$88.100,00","$352.400,00"
1652,31,1652,5,"$18.600,00","$93.000,00"
1653,39,1653,1,"$15.500,00","$15.500,00"
1654,29,1654,2,"$19.900,00","$39.800,00"
1655,18,1655,3,"$23.500,00","$70.500,00"
1656,35,1656,6,"$25.800,00","$154.800,00"
1657,32,1657,1,"$49.800,00","$49.800,00"
1658,43,1658,4,"$75.800,00","$303.200,00"
1659,2,1659,5,"$21.500,00","$107.500,00"
1660,28,1660,1,"$7.900,00","$7.900,00"
1661,38,1661,3,"$72.500,00","$217.500,00"
1662,14,1662,6,"$8.700,00","$52.200,00"
1663,33,1663,1,"$27.400,00","$27.400,00"
1664,16,1664,4,"$11.500,00","$46.000,00"
1665,3,1665,5,"$58.900,00","$294.500,00"
1666,32,1666,1,"$49.800,00","$49.800,00"
1667,43,1667,2,"$75.800,00","$151.600,00"
1668,3,1668,6,"$58.900,00","$353.400,00"
1669,32,1669,1,"$49.800,00","$49.800,00"
1670,43,1670,4,"$75.800,00","$303.200,00"
1671,2,1671,5,"$21.500,00","$107.500,00"
1672,28,1672,1,"$7.900,00","$7.900,00"
1673,42,1673,3,"$11.900,00","$35.700,00"
1674,12,1674,6,"$32.800,00","$196.800,00"
1675,8,1675,1,"$16.400,00","$16.400,00"
1676,47,1676,5,"$88.100,00","$440.500,00"
1677,31,1677,4,"$18.600,00","$74.400,00"
1678,39,1678,1,"$15.500,00","$15.500,00"
1679,29,1679,3,"$19.900,00","$59.700,00"
1680,18,1680,6,"$23.500,00","$141.000,00"
1681,35,1681,1,"$25.800,00","$25.800,00"
1682,32,1682,5,"$49.800,00","$249.000,00"
1683,25,1683,4,"$22.300,00","$89.200,00"
1684,5,1684,1,"$39.900,00","$39.900,00"
1685,25,1685,3,"$22.300,00","$66.900,00"
1686,15,1686,6,"$46.300,00","$277.800,00"
1687,2,1687,1,"$21.500,00","$21.500,00"
1688,3,1688,5,"$58.900,00","$294.500,00"
1689,31,1689,4,"$18.600,00","$74.400,00"
1690,19,1690,1,"$67.200,00","$67.200,00"
1691,29,1691,3,"$19.900,00","$59.700,00"
1692,28,1692,6,"$7.900,00","$47.400,00"
1693,32,1693,1,"$49.800,00","$49.800,00"
1694,30,1694,5,"$14.400,00","$72.000,00"
1695,20,1695,4,"$24.900,00","$99.600,00"
1696,15,1696,1,"$46.300,00","$46.300,00"
1697,47,1697,2,"$88.100,00","$176.200,00"
1698,23,1698,5,"$35.400,00","$177.000,00"
1699,22,1699,6,"$12.900,00","$77.400,00"
1700,37,1700,1,"$17.400,00","$17.400,00"
1701,4,1701,4,"$25.700,00","$102.800,00"
1702,34,1702,5,"$8.990,00","$44.950,00"
1703,20,1703,1,"$24.900,00","$24.900,00"
1704,26,1704,3,"$41.700,00","$125.100,00"
1705,29,1705,6,"$19.900,00","$119.400,00"
1706,45,1706,1,"$56.200,00","$56.200,00"
1707,8,1707,4,"$16.400,00","$65.600,00"
1708,3,1708,5,"$58.900,00","$294.500,00"
1709,11,1709,1,"$22.700,00","$22.700,00"
1710,16,1710,3,"$11.500,00","$34.500,00"
1711,30,1711,4,"$14.400,00","$57.600,00"
1712,15,1712,1,"$46.300,00","$46.300,00"
1713,22,1713,5,"$12.900,00","$64.500,00"
1714,25,1714,2,"$22.300,00","$44.600,00"
1715,34,1715,6,"$8.990,00","$53.940,00"
1716,45,1716,1,"$56.200,00","$56.200,00"
1717,33,1717,3,"$27.400,00","$82.200,00"
1718,27,1718,4,"$16.800,00","$67.200,00"
1719,18,1719,5,"$23.500,00","$117.500,00"
1720,42,1720,6,"$11.900,00","$71.400,00"
1721,36,1721,1,"$18.000,00","$18.000,00"
1722,39,1722,4,"$15.500,00","$62.000,00"
1723,1,1723,5,"$8.990,00","$44.950,00"
1724,23,1724,1,"$35.400,00","$35.400,00"
1725,35,1725,3,"$25.800,00","$77.400,00"
1726,13,1726,6,"$9.200,00","$55.200,00"
1727,29,1727,1,"$19.900,00","$19.900,00"
1728,40,1728,4,"$28.300,00","$113.200,00"
1729,19,1729,5,"$67.200,00","$336.000,00"
1730,2,1730,1,"$21.500,00","$21.500,00"
1731,4,1731,2,"$25.700,00","$51.400,00"
1732,41,1732,6,"$42.700,00","$256.200,00"
1733,47,1733,1,"$88.100,00","$88.100,00"
1734,24,1734,4,"$29.500,00","$118.000,00"
1735,28,1735,5,"$7.900,00","$39.500,00"
1736,5,1736,1,"$39.900,00","$39.900,00"
1737,32,1737,3,"$49.800,00","$149.400,00"
1738,31,1738,6,"$18.600,00","$111.600,00"
1739,20,1739,1,"$24.900,00","$24.900,00"
1740,14,1740,5,"$8.700,00","$43.500,00"
1741,10,1741,4,"$10.500,00","$42.000,00"
1742,12,1742,1,"$32.800,00","$32.800,00"
1743,26,1743,3,"$41.700,00","$125.100,00"
1744,38,1744,6,"$72.500,00","$435.000,00"
1745,17,1745,1,"$26.900,00","$26.900,00"
1746,25,1746,5,"$22.300,00","$111.500,00"
1747,8,1747,4,"$16.400,00","$65.600,00"
1748,43,1748,1,"$75.800,00","$75.800,00"
1749,21,1749,3,"$27.600,00","$82.800,00"
1750,11,1750,6,"$22.700,00","$136.200,00"
1751,16,1751,1,"$11.500,00","$11.500,00"
1752,40,1752,5,"$28.300,00","$141.500,00"
1753,33,1753,4,"$27.400,00","$109.600,00"
1754,13,1754,1,"$9.200,00","$9.200,00"
1755,37,1755,3,"$17.400,00","$52.200,00"
1756,22,1756,6,"$12.900,00","$77.400,00"
1757,34,1757,1,"$8.990,00","$8.990,00"
1758,3,1758,5,"$58.900,00","$294.500,00"
1759,18,1759,4,"$23.500,00","$94.000,00"
1760,29,1760,1,"$19.900,00","$19.900,00"
1761,23,1761,2,"$35.400,00","$70.800,00"
1762,36,1762,5,"$18.000,00","$90.000,00"
1763,35,1763,6,"$25.800,00","$154.800,00"
1764,15,1764,1,"$46.300,00","$46.300,00"
1765,12,1765,4,"$32.800,00","$131.200,00"
1766,42,1766,5,"$11.900,00","$59.500,00"
1767,17,1767,1,"$26.900,00","$26.900,00"
1768,20,1768,3,"$24.900,00","$74.700,00"
1769,26,1769,6,"$41.700,00","$250.200,00"
1770,38,1770,1,"$72.500,00","$72.500,00"
1771,31,1771,4,"$18.600,00","$74.400,00"
1772,4,1772,5,"$25.700,00","$128.500,00"
1773,10,1773,1,"$10.500,00","$10.500,00"
1774,24,1774,3,"$29.500,00","$88.500,00"
1775,41,1775,4,"$42.700,00","$170.800,00"
1776,47,1776,1,"$88.100,00","$88.100,00"
1777,14,1777,5,"$8.700,00","$43.500,00"
1778,32,1778,2,"$49.800,00","$99.600,00"
1779,2,1779,6,"$21.500,00","$129.000,00"
1780,19,1780,1,"$67.200,00","$67.200,00"
1781,28,1781,3,"$7.900,00","$23.700,00"
1782,1,1782,4,"$8.990,00","$35.960,00"
1783,39,1783,5,"$15.500,00","$77.500,00"
1784,33,1784,6,"$27.400,00","$164.400,00"
1785,8,1785,1,"$16.400,00","$16.400,00"
1786,45,1786,4,"$56.200,00","$224.800,00"
1787,30,1787,5,"$14.400,00","$72.000,00"
1788,21,1788,1,"$27.600,00","$27.600,00"
1789,36,1789,3,"$18.000,00","$54.000,00"
1790,13,1790,6,"$9.200,00","$55.200,00"
1791,16,1791,1,"$11.500,00","$11.500,00"
1792,25,1792,4,"$22.300,00","$89.200,00"
1793,5,1793,5,"$39.900,00","$199.500,00"
1794,40,1794,1,"$28.300,00","$28.300,00"
1795,11,1795,2,"$22.700,00","$45.400,00"
1796,37,1796,6,"$17.400,00","$104.400,00"
1797,34,1797,1,"$8.990,00","$8.990,00"
1798,35,1798,4,"$25.800,00","$103.200,00"
1799,22,1799,5,"$12.900,00","$64.500,00"
1800,43,1800,1,"$75.800,00","$75.800,00"
1801,18,1801,3,"$23.500,00","$70.500,00"
1802,3,1802,6,"$58.900,00","$353.400,00"
1803,27,1803,1,"$16.800,00","$16.800,00"
1804,23,1804,5,"$35.400,00","$177.000,00"
1805,20,1805,4,"$24.900,00","$99.600,00"
1806,14,1806,1,"$8.700,00","$8.700,00"
1807,26,1807,3,"$41.700,00","$125.100,00"
1808,29,1808,6,"$19.900,00","$119.400,00"
1809,42,1809,1,"$11.900,00","$11.900,00"
1810,32,1810,5,"$49.800,00","$249.000,00"
1811,2,1811,4,"$21.500,00","$86.000,00"
1812,17,1812,1,"$26.900,00","$26.900,00"
1813,10,1813,3,"$10.500,00","$31.500,00"
1814,38,1814,6,"$72.500,00","$435.000,00"
1815,31,1815,1,"$18.600,00","$18.600,00"
1816,12,1816,5,"$32.800,00","$164.000,00"
1817,19,1817,4,"$67.200,00","$268.800,00"
1818,24,1818,1,"$29.500,00","$29.500,00"
1819,4,1819,3,"$25.700,00","$77.100,00"
1820,47,1820,6,"$88.100,00","$528.600,00"
1821,8,1821,1,"$16.400,00","$16.400,00"
1822,41,1822,5,"$42.700,00","$213.500,00"
1823,33,1823,4,"$27.400,00","$109.600,00"
1824,15,1824,1,"$46.300,00","$46.300,00"
1825,1,1825,2,"$8.990,00","$17.980,00"
1826,45,1826,5,"$56.200,00","$281.000,00"
1827,39,1827,6,"$15.500,00","$93.000,00"
1828,37,1828,1,"$17.400,00","$17.400,00"
1829,18,1829,4,"$23.500,00","$94.000,00"
1830,36,1830,5,"$18.000,00","$90.000,00"
1831,25,1831,1,"$22.300,00","$22.300,00"
1832,35,1832,3,"$25.800,00","$77.400,00"
1833,34,1833,6,"$8.990,00","$53.940,00"
1834,23,1834,1,"$35.400,00","$35.400,00"
1835,30,1835,4,"$14.400,00","$57.600,00"
1836,27,1836,5,"$16.800,00","$84.000,00"
1837,11,1837,1,"$22.700,00","$22.700,00"
1838,22,1838,3,"$12.900,00","$38.700,00"
1839,13,1839,4,"$9.200,00","$36.800,00"
1840,40,1840,1,"$28.300,00","$28.300,00"
1841,16,1841,5,"$11.500,00","$57.500,00"
1842,20,1842,2,"$24.900,00","$49.800,00"
1843,5,1843,6,"$39.900,00","$239.400,00"
1844,26,1844,1,"$41.700,00","$41.700,00"
1845,3,1845,3,"$58.900,00","$176.700,00"
1846,17,1846,4,"$26.900,00","$107.600,00"
1847,43,1847,5,"$75.800,00","$379.000,00"
1848,32,1848,6,"$49.800,00","$298.800,00"
1849,29,1849,1,"$19.900,00","$19.900,00"
1850,42,1850,4,"$11.900,00","$47.600,00"
1851,14,1851,5,"$8.700,00","$43.500,00"
1852,31,1852,1,"$18.600,00","$18.600,00"
1853,2,1853,3,"$21.500,00","$64.500,00"
1854,38,1854,6,"$72.500,00","$435.000,00"
1855,12,1855,1,"$32.800,00","$32.800,00"
1856,28,1856,4,"$7.900,00","$31.600,00"
1857,41,1857,5,"$42.700,00","$213.500,00"
1858,10,1858,1,"$10.500,00","$10.500,00"
1859,24,1859,2,"$29.500,00","$59.000,00"
1860,39,1860,6,"$15.500,00","$93.000,00"
1861,47,1861,1,"$88.100,00","$88.100,00"
1862,35,1862,4,"$25.800,00","$103.200,00"
1863,19,1863,5,"$67.200,00","$336.000,00"
1864,15,1864,1,"$46.300,00","$46.300,00"
1865,33,1865,3,"$27.400,00","$82.200,00"
1866,23,1866,6,"$35.400,00","$212.400,00"
1867,4,1867,1,"$25.700,00","$25.700,00"
1868,45,1868,5,"$56.200,00","$281.000,00"
1869,37,1869,4,"$17.400,00","$69.600,00"
1870,18,1870,1,"$23.500,00","$23.500,00"
1871,34,1871,3,"$8.990,00","$26.970,00"
1872,11,1872,6,"$22.700,00","$136.200,00"
1873,25,1873,1,"$22.300,00","$22.300,00"
1874,40,1874,5,"$28.300,00","$141.500,00"
1875,21,1875,4,"$27.600,00","$110.400,00"
1876,36,1876,1,"$18.000,00","$18.000,00"
1877,30,1877,3,"$14.400,00","$43.200,00"
1878,3,1878,6,"$58.900,00","$353.400,00"
1879,13,1879,1,"$9.200,00","$9.200,00"
1880,27,1880,5,"$16.800,00","$84.000,00"
1881,1,1881,4,"$8.990,00","$35.960,00"
1882,16,1882,1,"$11.500,00","$11.500,00"
1883,22,1883,3,"$12.900,00","$38.700,00"
1884,17,1884,6,"$26.900,00","$161.400,00"
1885,5,1885,1,"$39.900,00","$39.900,00"
1886,24,1886,5,"$29.500,00","$147.500,00"
1887,20,1887,4,"$24.900,00","$99.600,00"
1888,43,1888,1,"$75.800,00","$75.800,00"
1889,31,1889,2,"$18.600,00","$37.200,00"
1890,28,1890,5,"$7.900,00","$39.500,00"
1891,32,1891,6,"$49.800,00","$298.800,00"
1892,14,1892,1,"$8.700,00","$8.700,00"
1893,26,1893,4,"$41.700,00","$166.800,00"
1894,2,1894,5,"$21.500,00","$107.500,00"
1895,38,1895,1,"$72.500,00","$72.500,00"
1896,29,1896,3,"$19.900,00","$59.700,00"
1897,42,1897,6,"$11.900,00","$71.400,00"
1898,10,1898,1,"$10.500,00","$10.500,00"
1899,12,1899,4,"$32.800,00","$131.200,00"
1900,33,1900,5,"$27.400,00","$137.000,00"
1901,39,1901,1,"$15.500,00","$15.500,00"
1902,47,1902,3,"$88.100,00","$264.300,00"
1903,41,1903,4,"$42.700,00","$170.800,00"
1904,18,1904,1,"$23.500,00","$23.500,00"
1905,23,1905,5,"$35.400,00","$177.000,00"
1906,45,1906,2,"$56.200,00","$112.400,00"
1907,35,1907,6,"$25.800,00","$154.800,00"
1908,34,1908,1,"$8.990,00","$8.990,00"
1909,37,1909,3,"$17.400,00","$52.200,00"
1910,40,1910,4,"$28.300,00","$113.200,00"
1911,19,1911,5,"$67.200,00","$336.000,00"
1912,36,1912,6,"$18.000,00","$108.000,00"
1913,4,1913,1,"$25.700,00","$25.700,00"
1914,30,1914,4,"$14.400,00","$57.600,00"
1915,25,1915,5,"$22.300,00","$111.500,00"
1916,17,1916,1,"$26.900,00","$26.900,00"
1917,1,1917,3,"$8.990,00","$26.970,00"
1918,22,1918,6,"$12.900,00","$77.400,00"
1919,13,1919,1,"$9.200,00","$9.200,00"
1920,27,1920,4,"$16.800,00","$67.200,00"
1921,15,1921,5,"$46.300,00","$231.500,00"
1922,11,1922,1,"$22.700,00","$22.700,00"
1923,5,1923,2,"$39.900,00","$79.800,00"
1924,21,1924,6,"$27.600,00","$165.600,00"
1925,24,1925,1,"$29.500,00","$29.500,00"
1926,26,1926,4,"$41.700,00","$166.800,00"
1927,20,1927,5,"$24.900,00","$124.500,00"
1928,38,1928,1,"$72.500,00","$72.500,00"
1929,14,1929,3,"$8.700,00","$26.100,00"
1930,33,1930,6,"$27.400,00","$164.400,00"
1931,16,1931,1,"$11.500,00","$11.500,00"
1932,3,1932,5,"$58.900,00","$294.500,00"
1933,32,1933,4,"$49.800,00","$199.200,00"
1934,43,1934,1,"$75.800,00","$75.800,00"
1935,2,1935,3,"$21.500,00","$64.500,00"
1936,28,1936,6,"$7.900,00","$47.400,00"
1937,42,1937,1,"$11.900,00","$11.900,00"
1938,12,1938,5,"$32.800,00","$164.000,00"
1939,8,1939,4,"$16.400,00","$65.600,00"
1940,47,1940,1,"$88.100,00","$88.100,00"
1941,31,1941,3,"$18.600,00","$55.800,00"
1942,39,1942,6,"$15.500,00","$93.000,00"
1943,29,1943,1,"$19.900,00","$19.900,00"
1944,18,1944,5,"$23.500,00","$117.500,00"
1945,35,1945,4,"$25.800,00","$103.200,00"
1946,41,1946,1,"$42.700,00","$42.700,00"
1947,40,1947,3,"$28.300,00","$84.900,00"
1948,10,1948,6,"$10.500,00","$63.000,00"
1949,34,1949,1,"$8.990,00","$8.990,00"
1950,23,1950,5,"$35.400,00","$177.000,00"
1951,45,1951,4,"$56.200,00","$224.800,00"
1952,37,1952,1,"$17.400,00","$17.400,00"
1953,25,1953,2,"$22.300,00","$44.600,00"
1954,19,1954,5,"$67.200,00","$336.000,00"
1955,36,1955,6,"$18.000,00","$108.000,00"
1956,13,1956,1,"$9.200,00","$9.200,00"
1957,27,1957,4,"$16.800,00","$67.200,00"
1958,22,1958,5,"$12.900,00","$64.500,00"
1959,15,1959,1,"$46.300,00","$46.300,00"
1960,24,1960,3,"$29.500,00","$88.500,00"
1961,11,1961,6,"$22.700,00","$136.200,00"
1962,4,1962,1,"$25.700,00","$25.700,00"
1963,30,1963,4,"$14.400,00","$57.600,00"
1964,17,1964,5,"$26.900,00","$134.500,00"
1965,2,1965,1,"$21.500,00","$21.500,00"
1966,28,1966,3,"$7.900,00","$23.700,00"
1967,26,1967,4,"$41.700,00","$166.800,00"
1968,1,1968,1,"$8.990,00","$8.990,00"
1969,32,1969,5,"$49.800,00","$249.000,00"
1970,38,1970,2,"$72.500,00","$145.000,00"
1971,33,1971,6,"$27.400,00","$164.400,00"
1972,5,1972,1,"$39.900,00","$39.900,00"
1973,14,1973,3,"$8.700,00","$26.100,00"
1974,42,1974,4,"$11.900,00","$47.600,00"
1975,20,1975,5,"$24.900,00","$124.500,00"
1976,12,1976,6,"$32.800,00","$196.800,00"
1977,21,1977,1,"$27.600,00","$27.600,00"
1978,35,1978,4,"$25.800,00","$103.200,00"
1979,43,1979,5,"$75.800,00","$379.000,00"
1980,18,1980,1,"$23.500,00","$23.500,00"
1981,34,1981,3,"$8.990,00","$26.970,00"
1982,29,1982,6,"$19.900,00","$119.400,00"
1983,39,1983,1,"$15.500,00","$15.500,00"
1984,23,1984,4,"$35.400,00","$141.600,00"
1985,41,1985,5,"$42.700,00","$213.500,00"
1986,40,1986,1,"$28.300,00","$28.300,00"
1987,3,1987,2,"$58.900,00","$117.800,00"
1988,36,1988,6,"$18.000,00","$108.000,00"
1989,17,1989,1,"$26.900,00","$26.900,00"
1990,25,1990,4,"$22.300,00","$89.200,00"
1991,15,1991,5,"$46.300,00","$231.500,00"
1992,19,1992,1,"$67.200,00","$67.200,00"
1993,22,1993,3,"$12.900,00","$38.700,00"
1994,27,1994,6,"$16.800,00","$100.800,00"
1995,45,1995,1,"$56.200,00","$56.200,00"
1996,47,1996,5,"$88.100,00","$440.500,00"
1997,13,1997,4,"$9.200,00","$36.800,00"
1998,30,1998,1,"$14.400,00","$14.400,00"
1999,24,1999,3,"$29.500,00","$88.500,00"
2000,10,2000,6,"$10.500,00","$63.000,00"